employeeID,firstName,lastName,gender,startDate,annualSalary,deptID,centerID
1,Emma,Smith,F,2015-06-15,107000,17,4
2,Liam,Brown,M,2020-03-22,117000,15,21
3,Olivia,Williams,F,2018-11-09,200000,15,13
4,Noah,Jones,M,2019-07-30,194000,3,8
5,Ava,Miller,F,2021-02-01,157000,20,19
6,Elijah,Davis,M,2017-12-13,159000,20,25
7,Sophia,Garcia,F,2016-08-25,64000,16,30
8,James,Martinez,M,2023-04-18,74000,1,25
9,Isabella,Hernandez,F,2022-01-12,87000,5,49
10,William,Lopez,M,2024-05-05,53000,5,30
11,Mia,Gonzalez,F,2014-10-10,87000,2,41
12,Benjamin,Perez,M,2021-09-28,42000,1,16
13,Charlotte,Wilson,F,2019-03-02,161000,13,8
14,Lucas,Anderson,M,2018-07-14,54000,9,23
15,Amelia,Thomas,F,2020-11-29,45000,9,16
16,Aiden,Taylor,M,2016-05-20,137000,10,47
17,Harper,Moore,F,2017-01-06,112000,10,10
18,Jackson,Jackson,M,2022-04-21,191000,5,25
19,Grace,White,F,2015-12-04,171000,1,28
20,Logan,Harris,M,2023-08-30,150000,16,46
21,Evelyn,Martin,F,2019-05-22,173000,13,33
22,Michael,Thompson,M,2020-10-11,143000,9,27
23,Scarlett,Garcia,F,2024-02-15,53000,8,57
24,Henry,Martinez,M,2018-09-23,138000,8,14
25,Aria,Robinson,F,2021-06-08,160000,4,60
26,Oliver,Clark,M,2020-01-19,121000,7,36
27,Sofia,Lee,F,2016-02-14,113000,18,32
28,Jackson,Wright,M,2015-07-17,88000,4,15
29,Chloe,Walker,F,2023-11-01,192000,3,43
30,Matthew,Hall,M,2018-03-05,179000,17,23
31,Lily,Allen,F,2022-12-12,53000,10,11
32,David,Young,M,2019-10-26,143000,17,26
33,Stella,King,F,2017-03-09,189000,4,42
34,Daniel,Wright,M,2020-04-20,79000,18,10
35,Violet,Hill,F,2021-07-15,117000,9,33
36,Joseph,Scott,M,2016-09-24,110000,13,28
37,Zoe,Green,F,2022-05-05,145000,4,25
38,Samuel,Adams,M,2018-01-27,79000,14,6
39,Lucy,Baker,F,2024-09-08,134000,19,35
40,Robert,Nelson,M,2015-11-02,118000,17,18
41,Emma,Carter,F,2023-10-30,200000,3,57
42,Caleb,Mitchell,M,2020-06-21,119000,10,21
43,Jaime,Hayes,M,2019-10-01,171000,4,12
44,Nora,Evans,F,2025-01-14,197000,13,26
45,Henry,Kim,M,2021-03-30,113000,9,55
46,Emily,Hall,M,2016-05-22,144000,5,45
47,Luke,Collins,M,2022-08-17,101000,4,28
48,Avery,Stewart,F,2017-02-18,58000,9,47
49,Isaac,Reed,M,2024-01-25,113000,2,2
50,Grace,Price,F,2025-03-12,53000,5,36
51,Emily,Johnson,F,1995-04-12,56000,18,35
52,James,Smith,M,2020-06-01,153000,6,28
53,Sophia,Williams,F,2018-09-23,180000,6,31
54,Liam,Brown,M,2017-11-15,85000,20,12
55,Mia,Jones,F,2022-02-28,144000,8,51
56,Noah,Garcia,M,2009-07-30,78000,20,15
57,Isabella,Martinez,F,2021-03-14,93000,11,59
58,Oliver,Rodriguez,M,1992-08-20,159000,16,49
59,Ava,Lee,F,2023-01-05,35000,10,11
60,Elijah,Perez,M,2006-12-19,36000,15,40
61,Charlotte,Thompson,F,2015-05-11,170000,16,58
62,Benjamin,White,M,2014-10-09,132000,9,4
63,Amelia,Harris,F,2024-07-22,162000,19,19
64,Lucas,Martin,M,2016-03-18,122000,6,24
65,Bella,Clark,F,2020-05-03,146000,4,15
66,Henry,Lewis,M,1998-09-17,43000,4,2
67,Chloe,Walker,F,2019-04-26,141000,13,43
68,Alexander,Hall,M,2002-11-13,129000,3,40
69,Grace,Allen,F,2010-02-01,113000,1,53
70,Jacob,Young,M,2025-10-08,141000,8,59
71,Ruby,King,F,1991-12-30,78000,6,15
72,Michael,Wright,M,2023-08-15,93000,20,30
73,Zoe,Scott,F,2017-06-22,99000,5,51
74,Daniel,Green,M,2003-05-29,100000,17,26
75,Lily,Adams,F,2021-11-04,106000,15,35
76,Matthew,Baker,M,1996-07-02,131000,13,16
77,Samantha,Gonzalez,F,2015-01-19,125000,19,24
78,David,Nelson,M,2022-04-27,190000,16,54
79,Nora,Carter,F,2014-03-10,90000,18,12
80,Anthony,Mitchell,M,2008-10-14,103000,20,15
81,Evelyn,Perez,F,2013-08-26,146000,2,56
82,George,Roberts,M,1990-10-11,166000,4,33
83,Sarah,Turner,F,2025-09-18,103000,4,49
84,Elena,Phillips,F,1994-01-08,148000,18,18
85,Charles,Campbell,M,2023-07-20,182000,2,5
86,Lillian,Parker,F,2016-12-05,63000,18,58
87,Nathan,Edwards,M,2005-04-21,180000,16,44
88,Daisy,Collins,F,2018-02-14,48000,3,34
89,Wyatt,Stewart,M,2020-09-12,119000,18,16
90,Victoria,Morris,F,1993-05-30,137000,18,56
91,Leo,Reed,M,2024-01-25,58000,5,30
92,Audrey,Cook,F,2019-03-16,43000,5,56
93,Isaac,Morgan,M,2007-08-22,191000,12,58
94,Luna,Bell,F,2022-11-10,121000,19,57
95,Jack,Murphy,M,1997-06-07,136000,20,34
96,Madison,Cooper,F,2011-01-29,151000,6,24
97,Christopher,Rivera,M,2025-03-15,127000,20,43
98,Aria,Bailey,F,1992-04-05,158000,5,46
99,Ethan,Rivera,M,2020-12-31,154000,6,19
100,Scarlett,Hernandez,F,2016-11-21,116000,8,34
101,Emily,Smith,F,2020-06-15,60000,11,55
102,Jacob,Brown,M,2019-01-22,170000,5,55
103,Olivia,Johnson,F,2021-03-14,200000,5,33
104,Liam,Williams,M,2018-11-05,64000,13,15
105,Sophia,Jones,F,2023-08-29,59000,14,49
106,Noah,Garcia,M,2017-10-11,161000,1,9
107,Isabella,Miller,F,2022-07-18,36000,12,10
108,Lucas,Davis,M,2016-02-23,130000,9,56
109,Charlotte,Rodriguez,F,2015-04-30,37000,19,30
110,Ethan,Martinez,M,2024-01-12,93000,14,28
111,Mia,Hernandez,F,2014-09-17,153000,8,32
112,James,Lopez,M,2021-12-25,123000,3,45
113,Harper,Gonzalez,F,2022-05-09,149000,17,25
114,Alexander,Perez,M,2013-08-08,119000,1,41
115,Ava,Wilson,F,2010-03-16,61000,17,34
116,Mason,Anderson,M,2025-11-15,77000,19,39
117,Amelia,Thomas,F,2018-12-01,133000,8,51
118,Oliver,Taylor,M,2020-04-20,43000,16,9
119,Sofia,Moore,F,2017-05-30,85000,11,42
120,Elijah,Jenkins,M,2019-06-21,118000,12,53
121,Scarlett,Rivera,F,2012-10-10,185000,5,43
122,Jack,Cook,M,2023-02-18,169000,1,30
123,Grace,Hall,F,2021-07-05,104000,9,42
124,Daniel,Young,M,2024-09-12,143000,19,54
125,Sarah,Allen,F,2016-11-06,179000,3,9
126,Matthew,Sanchez,M,2011-01-19,100000,4,42
127,Layla,Wright,F,2015-03-07,164000,18,58
128,Michael,Adams,M,2022-08-22,61000,15,58
129,Zoe,Scott,F,2019-04-13,85000,4,10
130,David,Green,M,2025-01-30,66000,10,33
131,Chloe,Bailey,F,2020-05-24,185000,10,18
132,Joseph,Rivera,M,2018-02-09,98000,4,58
133,Aria,Cooper,F,2013-12-12,83000,10,11
134,Henry,Reyes,M,2017-09-28,198000,15,30
135,Victoria,James,F,2016-06-04,94000,3,40
136,Aiden,Watson,M,2021-11-16,177000,7,41
137,Lily,Wood,F,2010-07-27,163000,12,54
138,Christopher,Brooks,M,2023-10-09,195000,6,26
139,Abigail,Griffin,F,2020-01-01,174000,19,46
140,Elena,Bennett,F,2019-05-19,60000,16,47
141,Sebastian,Cox,M,2014-03-15,190000,2,53
142,Nora,Howard,F,2022-11-07,54000,13,52
143,Leo,Nelson,M,2018-12-30,162000,10,48
144,Audrey,Woodward,F,2011-08-15,41000,19,59
145,Cameron,Ward,M,2015-07-21,140000,11,9
146,Stella,Cameron,F,2024-03-08,143000,4,32
147,Isaac,Thompson,M,2017-10-25,119000,19,16
148,Lucy,Perry,F,2022-06-06,167000,6,11
149,Wyatt,Mason,M,2023-03-02,128000,6,57
150,Madison,Long,F,2025-05-04,161000,9,31
151,Oliver,Smith,M,1995-02-10,132000,7,13
152,Emma,Johnson,F,2010-05-15,125000,3,53
153,Liam,Williams,M,2020-07-20,113000,7,19
154,Ava,Jones,F,2018-09-30,191000,17,26
155,Noah,Brown,M,2019-12-01,61000,2,58
156,Sophia,Davis,F,2011-03-25,139000,1,6
157,Elijah,Miller,M,2022-11-08,174000,14,60
158,Isabella,Wilson,F,2014-06-12,177000,7,40
159,James,Moore,M,1998-01-05,125000,16,24
160,Amelia,Taylor,F,2017-08-19,179000,10,6
161,Benjamin,Anderson,M,2000-04-14,161000,16,4
162,Charlotte,Thomas,F,2023-10-23,119000,8,29
163,Lucas,Jackson,M,2021-07-27,179000,4,17
164,Mia,White,F,2015-02-18,70000,10,55
165,Alexander,Harris,M,1999-11-15,155000,2,24
166,Harper,Martin,F,2024-05-30,90000,9,5
167,Ethan,Thompson,M,2012-08-07,55000,1,16
168,Abigail,Garcia,F,2020-03-22,137000,9,54
169,Oliver,Martinez,M,2016-09-29,54000,15,56
170,Sofia,Rodriguez,F,2013-12-10,174000,10,19
171,Daniel,Lee,M,1996-07-28,42000,11,21
172,Layla,Lewis,F,1994-10-05,154000,6,2
173,Nathan,Walker,M,2025-01-14,191000,1,1
174,Zoe,Hall,F,2019-08-15,128000,17,4
175,Michael,Allen,M,2008-04-30,171000,18,23
176,Chloe,Sanchez,F,2022-06-17,139000,6,35
177,Jameson,Wright,M,2023-05-25,153000,4,36
178,Nora,King,F,2011-03-06,47000,9,47
179,David,Scott,M,1993-02-20,187000,8,42
180,Grace,Green,F,2017-01-11,97000,2,36
181,Samuel,Adams,M,2024-07-19,82000,14,13
182,Avery,Baker,F,2009-09-04,191000,15,39
183,Henry,Gonzalez,M,2020-11-09,190000,4,15
184,Lily,Nelson,F,2015-10-21,129000,19,49
185,Jackson,Carter,M,1992-12-15,159000,20,23
186,Ella,Mitchell,F,2016-08-11,74000,11,51
187,Isaac,Perez,M,2013-04-28,89000,3,30
188,Aria,Ross,F,2021-01-31,66000,14,26
189,Wyatt,Young,M,1997-06-22,98000,14,53
190,Camila,Scott,F,2023-02-17,135000,11,49
191,Julian,Stewart,M,2006-07-14,136000,10,39
192,Scarlett,Nguyen,F,2021-12-06,117000,3,57
193,Levi,Diaz,M,2022-03-19,136000,9,30
194,Stella,Cruz,F,2018-09-09,38000,5,4
195,Matthew,Reed,M,1990-04-12,51000,14,37
196,Natalie,Cooper,F,2025-09-15,92000,4,1
197,Oliver,Hayes,M,2020-10-26,165000,17,10
198,Peyton,Price,F,1991-05-29,127000,5,46
199,Samuel,Wood,M,2014-06-24,109000,13,4
200,Addison,Gray,F,1995-11-30,173000,7,12
201,James,Sullivan,M,2005-03-15,55000,6,23
202,Emily,Johnson,F,2010-06-22,83000,4,6
203,Michael,Smith,M,2018-11-01,172000,6,31
204,Sarah,Brown,F,2017-08-30,137000,17,9
205,Daniel,Garcia,M,2019-05-04,80000,7,9
206,Amanda,Martinez,F,2002-04-12,139000,6,42
207,Joseph,Robinson,M,2020-02-25,67000,11,26
208,Linda,Williams,F,2016-09-17,36000,19,44
209,Matthew,Lopez,M,2013-12-05,197000,13,16
210,Jessica,Jackson,F,2009-07-19,188000,17,25
211,Charles,Lee,M,1998-10-11,116000,18,9
212,Michelle,Harris,F,2021-03-08,141000,9,47
213,David,Clark,M,2015-01-20,100000,10,53
214,Elizabeth,Walker,F,2023-01-15,197000,11,3
215,Andrew,Hall,M,2004-08-22,101000,5,49
216,Patricia,Allen,F,2011-03-30,81000,9,44
217,Jason,Young,M,2022-11-10,157000,2,42
218,Karen,Hernandez,F,1995-02-05,95000,17,50
219,Thomas,King,M,2007-04-18,199000,1,45
220,Jennifer,Wright,F,2001-09-09,135000,20,22
221,Paul,Scott,M,2014-06-27,76000,12,45
222,Margaret,Torres,F,2006-12-15,42000,19,10
223,Steven,Nguyen,M,1999-05-21,147000,11,9
224,Karen,Adams,F,2024-08-03,197000,6,41
225,Laura,Baker,F,2025-11-15,143000,8,11
226,Dennis,Mitchell,M,2020-07-29,156000,16,45
227,Jessica,Perez,F,1992-04-14,147000,7,19
228,Christopher,Roberts,M,2012-02-01,119000,3,22
229,Michelle,Turner,F,2013-09-23,129000,8,1
230,Kevin,Phillips,M,2018-10-12,154000,10,57
231,Laura,Campbell,F,1997-06-16,147000,9,46
232,Frank,Evans,M,2016-05-05,70000,6,44
233,Susan,Edwards,F,2003-09-28,155000,4,48
234,Angela,Collins,F,1996-11-20,176000,18,46
235,Nicholas,Stewart,M,2019-12-30,157000,6,25
236,Brandon,Thompson,M,2000-08-14,180000,10,37
237,Jessica,Nelson,F,2021-10-26,120000,6,26
238,Ashley,Carter,F,2015-07-19,106000,18,30
239,Daniel,Mitchell,M,2022-09-03,168000,18,58
240,Emily,Scott,F,2024-02-12,181000,16,23
241,Matthew,Cruz,M,1993-01-18,60000,12,1
242,Karen,Morris,F,2025-05-25,124000,19,17
243,James,Reyes,M,2009-10-02,147000,7,37
244,Samantha,Howard,F,2014-03-15,50000,15,10
245,Oliver,Ramirez,M,2011-12-07,64000,6,52
246,Ava,Brown,F,2020-04-23,94000,14,14
247,Isabella,Martinez,F,2017-06-09,96000,16,25
248,Elijah,Kim,M,2022-08-11,143000,2,39
249,Liam,Wood,F,1998-12-30,175000,20,12
250,Sofia,Diaz,F,2013-11-19,110000,2,38
251,Emily,Clark,F,1995-03-15,105000,12,22
252,Noah,Smith,M,2018-07-22,110000,9,36
253,Sophia,Johnson,F,2012-11-30,166000,14,37
254,Liam,Brown,M,2020-02-14,150000,13,1
255,Olivia,Jones,F,2005-06-08,126000,13,10
256,James,Miller,M,1992-09-21,118000,3,46
257,Ava,Davis,F,2019-05-04,164000,18,6
258,William,García,M,2016-08-11,138000,11,35
259,Isabella,Rodriguez,F,2021-03-01,37000,13,43
260,Mason,Martinez,M,2017-12-19,36000,18,43
261,Mia,Hernandez,F,2015-01-16,88000,16,26
262,Ethan,Lopez,M,2003-10-06,41000,9,24
263,Charlotte,Gonzalez,F,2023-09-10,163000,9,40
264,Alexander,Wilson,M,2011-04-25,45000,10,8
265,Amelia,Anderson,F,2008-07-30,117000,16,2
266,Elijah,Thomas,M,1996-05-12,177000,15,14
267,Harper,Taylor,F,2014-12-01,137000,12,9
268,Logan,Moore,M,2022-06-05,75000,15,23
269,Evelyn,Jackson,F,1991-08-09,138000,3,48
270,Benjamin,Martin,M,2010-03-22,186000,2,41
271,Abigail,Lee,F,1994-10-17,35000,16,10
272,Lucas,Perez,M,2019-11-14,56000,13,59
273,Sofia,Thompson,F,2013-02-20,175000,1,52
274,Henry,White,M,2020-07-27,36000,3,51
275,Scarlett,Harris,F,2007-04-29,169000,7,47
276,Jackson,Nguyen,M,2021-01-03,67000,12,28
277,Avery,Hall,F,2015-09-11,94000,14,11
278,Daniel,Young,M,1993-12-04,121000,16,24
279,Grace,King,F,1998-10-15,77000,16,59
280,Matthew,Wright,M,2012-05-23,94000,8,26
281,Riley,Lopez,F,2018-06-18,46000,12,57
282,Samuel,Scott,M,2020-01-30,178000,12,28
283,Victoria,Green,F,2016-04-24,78000,15,\N
284,David,Adams,M,1999-11-28,196000,20,33
285,Chloe,Baker,F,1995-08-19,127000,17,40
286,Joseph,Garcia,M,2024-03-02,143000,15,14
287,Lily,Roberts,F,2013-07-20,166000,11,51
288,Isaiah,Turner,M,2021-12-15,184000,6,8
289,Grace,Phillips,F,2009-10-22,105000,10,25
290,Owen,Campbell,M,2022-08-08,82000,5,23
291,Peyton,Mitchell,F,1990-09-03,158000,7,7
292,Chris,Evans,M,2025-04-06,81000,10,12
293,Jamie,Cruz,M,1994-03-27,124000,13,29
294,Jordan,Collins,M,2023-10-14,99000,10,43
295,Alexis,Stewart,M,2006-02-12,67000,5,33
296,Casey,Morris,M,2024-11-29,112000,11,27
297,Quinn,Reed,M,1997-06-11,150000,5,27
298,Rowan,Price,M,2018-05-04,68000,17,19
299,Taylor,Cooper,M,1991-01-21,190000,11,6
300,Charlie,Bell,M,2020-03-31,38000,2,57
301,Emily,Johnson,F,2015-03-15,41000,19,34
302,David,Smith,M,2019-07-22,156000,16,25
303,Alice,Brown,F,2021-01-11,95000,20,39
304,Chris,Davis,M,2013-05-28,141000,6,24
305,Sarah,Wilson,F,2018-09-14,110000,19,51
306,James,Miller,M,2020-06-30,98000,19,27
307,Pat,Morgan,M,2017-10-01,143000,19,57
308,Linda,Taylor,F,1995-02-20,80000,18,44
309,Michael,Anderson,M,2024-11-07,84000,16,34
310,Jessica,Thomas,F,1993-12-05,85000,5,12
311,Daniel,Jackson,M,2012-08-18,193000,13,5
312,Susan,White,F,2022-04-16,178000,3,46
313,Matthew,Harris,M,2005-10-02,132000,11,13
314,Laura,Martin,F,2010-01-25,107000,4,51
315,Kevin,Thompson,M,2023-03-30,152000,18,45
316,Catherine,Garcia,F,2025-06-12,81000,10,15
317,William,Martinez,M,1998-09-23,107000,7,56
318,Angela,Robinson,F,2016-07-19,152000,10,38
319,Christopher,Clark,M,2011-11-05,84000,10,38
320,Rebecca,Rodriguez,F,2021-05-17,164000,15,24
321,Joshua,Lewis,M,1991-03-12,163000,18,32
322,Patricia,Lee,F,2000-04-30,145000,5,27
323,Thomas,Walker,M,2020-02-14,98000,6,46
324,Jennifer,Hall,F,2008-11-28,45000,4,14
325,Edward,Young,M,2014-06-21,120000,11,29
326,Nicole,Hernandez,F,1994-08-03,163000,4,24
327,Daniel,Lee,M,2022-09-10,122000,9,27
328,Samantha,Allen,F,2023-07-01,116000,6,27
329,Anthony,Wright,M,2007-03-27,144000,20,3
330,Julia,King,F,2019-05-09,88000,20,49
331,Charles,Scott,M,2021-12-18,115000,8,50
332,Megan,Green,F,1997-01-15,103000,16,51
333,Jason,Adams,M,2015-10-11,96000,3,13
334,Laura,Baker,F,2018-02-22,163000,7,53
335,Robert,Nelson,M,2016-04-05,67000,5,33
336,Michelle,Carter,F,1996-06-30,51000,20,55
337,David,Mitchell,M,2010-09-24,129000,18,16
338,Kristin,Perez,F,2020-07-19,169000,14,38
339,Aaron,Roberts,M,2017-03-01,171000,12,36
340,Elizabeth,Turner,F,2014-05-27,49000,19,27
341,Cynthia,Phillips,F,2023-09-15,36000,19,44
342,Frank,Campbell,M,2006-12-09,140000,11,23
343,Kristen,Parker,F,1999-11-11,191000,18,46
344,Timothy,Evans,M,2022-08-20,89000,17,24
345,Ashley,Edwards,F,1992-05-16,180000,2,58
346,Steven,Collins,M,2018-01-23,73000,11,3
347,Grace,Stewart,F,2025-02-08,193000,11,3
348,Paul,Sanchez,M,2009-07-14,64000,16,7
349,Emma,Ward,F,2021-04-02,42000,7,20
350,Brian,Morris,M,2013-10-08,110000,8,11
351,Oliver,Johnson,M,2020-03-15,95000,4,39
352,Liam,Smith,M,2015-06-22,86000,15,28
353,Emma,Brown,F,2017-08-30,154000,2,18
354,Ava,Davis,F,2021-11-05,140000,19,54
355,Noah,Miller,M,2016-02-10,136000,18,37
356,Elijah,Wilson,M,2019-09-20,131000,10,34
357,Isabella,Moore,F,2018-07-14,64000,10,57
358,Sophia,Taylor,F,2022-04-11,128000,2,47
359,William,Anderson,M,2014-12-01,165000,13,51
360,James,Thomas,M,2023-01-25,164000,5,30
361,Mason,Jackson,M,2020-05-30,68000,18,24
362,Benjamin,Harris,M,2021-03-13,72000,15,8
363,Lucas,Martin,M,2019-07-19,186000,20,59
364,Henry,Thompson,M,2018-10-07,125000,1,47
365,Jack,White,M,2022-09-17,85000,11,41
366,Avery,Garcia,F,2020-12-12,115000,10,32
367,Sebastian,Martinez,M,2015-04-22,90000,19,33
368,Victoria,Rodriguez,F,2021-02-28,91000,20,48
369,Grace,Lee,F,2023-11-06,53000,5,24
370,Chloe,Walker,F,2017-03-25,97000,7,51
371,Ethan,Hall,M,2020-06-09,123000,16,3
372,Alexander,Allen,M,2021-10-20,119000,16,43
373,Matthew,Yang,M,2022-01-15,153000,18,14
374,Zoe,Young,F,2016-08-01,46000,9,6
375,Charlotte,King,F,2018-05-18,192000,20,42
376,Aiden,Wright,M,2019-12-15,126000,3,48
377,Jaxon,Scott,M,2022-08-22,68000,14,21
378,Aria,Green,F,2023-07-27,79000,15,49
379,Harper,Adams,F,2014-10-30,197000,12,56
380,Scarlett,Baker,F,2023-03-11,108000,4,50
381,Owen,Nelson,M,2017-01-16,166000,11,24
382,Matthew,Mitchell,M,2021-04-05,117000,11,43
383,Riley,Perez,F,2019-11-23,100000,6,42
384,Sawyer,Roberts,M,2018-02-08,108000,10,27
385,Camila,Turner,F,2019-05-29,176000,12,16
386,Mila,Phillips,F,2021-09-12,69000,20,57
387,Nora,Cook,F,2020-08-15,47000,13,43
388,Levi,Evans,M,2017-12-05,35000,4,57
389,Wyatt,Hughes,M,2023-01-30,153000,3,24
390,Kayla,Flores,F,2016-09-04,104000,11,37
391,Luna,Rivera,F,2022-02-14,72000,15,34
392,Theo,Cooper,M,2018-04-28,42000,18,40
393,Emilia,Richardson,F,2023-05-21,154000,6,37
394,Jackson,Edwards,M,2015-01-11,150000,2,17
395,Penelope,Collins,F,2020-07-20,102000,2,15
396,Isaiah,Stewart,M,2019-03-31,190000,18,13
397,Addison,Sanchez,F,2014-11-16,75000,17,11
398,Lexi,Gray,F,2021-06-06,154000,16,31
399,Aubrey,James,F,2022-10-29,54000,13,36
400,Santiago,Hughes,M,2023-12-05,199000,2,8
401,Olivia,Smith,F,2019-07-15,119000,9,20
402,James,Brown,M,2021-03-22,75000,10,23
403,Ava,Jones,F,2018-12-05,167000,1,22
404,William,Johnson,M,2020-09-10,51000,20,42
405,Sophia,Garcia,F,2023-01-28,159000,14,31
406,Oliver,Martinez,M,2019-05-14,77000,8,17
407,Isabella,Lee,F,2022-11-19,64000,7,12
408,Elijah,Hernandez,M,2020-06-25,52000,6,35
409,Charlotte,Lopez,F,2021-08-30,153000,8,28
410,Lucas,Gonzalez,M,2024-02-13,117000,12,17
411,Mia,Wilson,F,2017-04-18,94000,16,4
412,Henry,Anderson,M,2023-05-08,159000,10,23
413,Amelia,Thomas,F,2021-12-01,71000,13,12
414,Jack,Taylor,M,2020-10-17,46000,11,12
415,Liam,Moore,M,2018-01-30,50000,20,34
416,Evelyn,Jackson,F,2022-03-12,122000,18,17
417,Alexander,Martin,M,2019-09-20,186000,6,8
418,Sofia,Lee,F,2024-06-06,179000,17,24
419,Daniel,White,M,2021-11-23,92000,2,52
420,Chloe,Harris,F,2020-04-09,151000,19,21
421,Matthew,Clark,M,2023-03-15,163000,13,43
422,Emily,Robinson,F,2019-02-28,167000,19,57
423,Nathan,Walker,M,2021-07-11,132000,18,14
424,Grace,Hall,F,2022-08-05,86000,17,14
425,Michael,Young,M,2020-01-14,131000,16,37
426,Scarlett,Allen,F,2018-11-02,108000,4,10
427,Jameson,Sanchez,M,2023-02-27,170000,19,43
428,Lily,Wright,F,2020-12-12,190000,5,40
429,David,Scott,M,2021-09-29,138000,9,3
430,Zoe,Green,F,2022-10-06,191000,20,26
431,Jackson,Adams,M,2019-03-25,36000,20,24
432,Aria,Baker,F,2023-01-14,125000,7,36
433,Samuel,Nelson,M,2024-05-21,43000,17,10
434,Luna,Carter,F,2018-08-17,89000,16,2
435,Isaac,Mitchell,M,2020-07-23,73000,2,59
436,Nora,Perez,F,2021-05-04,49000,4,36
437,Levi,Rogers,M,2019-10-15,115000,15,29
438,Aubrey,Reed,F,2022-12-30,192000,1,27
439,Xander,Stewart,M,2020-03-18,36000,18,49
440,Addison,Price,F,2021-06-14,151000,6,5
441,Eli,Bell,M,2023-04-07,180000,3,22
442,Savannah,Wood,F,2019-01-09,171000,4,48
443,Anthony,Cooper,M,2022-09-25,188000,3,18
444,Stella,Martin,F,2021-02-11,79000,14,45
445,Carson,Bailey,M,2020-11-19,76000,20,56
446,Victoria,Rivera,F,2023-10-01,44000,13,4
447,Tyler,Gomez,M,2018-06-24,155000,13,25
448,Hailey,Reyes,F,2021-08-15,56000,13,50
449,Owen,Peterson,M,2020-05-03,142000,12,43
450,Lucy,Turner,F,2024-04-29,149000,10,38
451,Emma,Johnson,F,2002-03-15,102000,18,52
452,Liam,Smith,M,2015-07-22,64000,8,6
453,Olivia,Brown,F,2020-06-10,119000,1,9
454,Noah,Davis,M,2019-09-30,102000,15,32
455,Ava,Miller,F,2021-01-05,46000,11,36
456,Elijah,Wilson,M,2018-11-18,106000,3,6
457,Sophia,Moore,F,2023-04-12,85000,5,20
458,James,Taylor,M,2005-12-02,175000,2,25
459,Mia,Anderson,F,2012-08-25,158000,3,36
460,Lucas,Thomas,M,2024-02-14,63000,3,33
461,Isabella,Jackson,F,1999-05-16,147000,6,58
462,Logan,White,M,2022-10-08,150000,3,17
463,Amelia,Harris,F,2021-03-21,172000,4,58
464,Aiden,Martin,M,2016-04-05,127000,2,4
465,Charlotte,Thompson,F,2010-09-11,158000,16,32
466,Jackson,García,M,2011-12-29,88000,1,49
467,Harper,Martinez,F,2014-06-17,109000,7,53
468,Henry,Robinson,M,1998-07-19,62000,12,12
469,Evelyn,Clark,F,2017-01-30,73000,20,30
470,Jacob,Rodriguez,M,2023-11-21,43000,7,1
471,Abigail,Lewis,F,1997-02-27,115000,20,15
472,Michael,Lee,M,2003-08-19,177000,15,15
473,Elizabeth,Walker,F,2015-05-13,45000,17,25
474,Jackson,Hall,M,2020-10-03,83000,14,30
475,Sofia,Allen,F,2024-01-28,185000,19,23
476,Carter,Sanchez,M,2018-09-09,118000,2,2
477,Grace,Wright,F,2011-04-12,75000,20,23
478,Daniel,King,M,2025-05-04,123000,15,21
479,Riley,Woods,F,2021-06-30,81000,15,55
480,Jackson,Green,M,2016-07-16,121000,7,13
481,Avery,Bailey,F,2019-02-05,128000,8,23
482,William,Carter,M,1996-11-19,124000,13,58
483,Zoe,Mitchell,F,2022-08-14,71000,18,34
484,Samuel,Perez,M,2017-03-20,42000,10,53
485,Madison,Roberts,F,2008-10-01,36000,4,34
486,Lily,Turner,F,2023-02-22,182000,13,44
487,David,Phillips,M,2014-12-31,42000,5,11
488,Nora,Campbell,F,2020-01-15,138000,13,39
489,Wyatt,Parker,M,2015-08-27,91000,13,58
490,Emily,Evans,F,1995-09-16,132000,11,2
491,Oliver,Edwards,M,2018-03-09,126000,5,43
492,Samantha,Collins,F,2023-06-26,146000,5,20
493,Matthew,Sanchez,M,2006-04-23,132000,18,41
494,Chloe,Stewart,F,2022-05-10,188000,1,11
495,Alexander,James,M,2013-11-14,85000,1,2
496,Bella,Lopez,F,2010-02-19,102000,10,7
497,Leo,Scott,M,2025-07-11,55000,6,2
498,Scarlett,Nguyen,F,2022-12-12,151000,8,42
499,Jameson,Hayes,M,2021-04-25,79000,1,8
500,Aria,Cox,F,2019-01-29,49000,11,26
501,Emily,Johnson,F,2020-03-15,78000,20,18
502,James,Smith,M,2019-07-22,36000,16,3
503,Alice,Wang,F,2021-01-10,61000,9,27
504,Michael,Garcia,M,2018-05-30,42000,13,24
505,Sophia,Brown,F,2022-09-18,46000,3,50
506,David,Miller,M,2017-11-05,130000,6,40
507,Liam,Davis,M,2023-02-12,129000,3,26
508,Olivia,Wilson,F,2020-06-24,76000,17,19
509,Benjamin,Martinez,M,2021-12-01,52000,2,24
510,Charlotte,Martinez,F,2019-08-11,166000,12,25
511,Henry,Lopez,M,2022-03-14,105000,20,53
512,Amelia,Jackson,F,2018-10-28,91000,8,36
513,Lucas,Thompson,M,2023-07-19,190000,3,14
514,Evelyn,Anderson,F,2021-04-02,122000,4,19
515,Noah,White,M,2020-12-26,151000,7,48
516,Isabella,Harris,F,2019-09-15,111000,14,12
517,Ethan,Clark,M,2021-05-23,110000,1,39
518,Mia,Lewis,F,2020-08-30,158000,15,\N
519,Oliver,Robinson,M,2022-11-11,193000,14,14
520,Avery,Walker,M,2018-03-04,163000,13,51
521,Jackson,Yong,M,2023-06-14,99000,10,12
522,Scarlett,Hall,F,2020-01-19,100000,14,33
523,Elijah,Allen,M,2019-02-22,64000,2,17
524,Grace,Sanchez,F,2021-03-20,106000,10,35
525,Carter,Wright,M,2022-05-29,90000,12,32
526,Zoe,King,F,2020-10-12,134000,20,29
527,Samuel,Morris,M,2023-08-18,126000,16,19
528,Chloe,Lee,F,2019-12-05,38000,19,16
529,Leo,Nguyen,M,2021-06-09,155000,1,13
530,Aria,Kim,F,2018-07-14,169000,7,22
531,Isaac,Roberts,M,2022-04-17,153000,13,53
532,Lily,Carter,F,2020-11-23,156000,5,6
533,Jacob,Mitchell,M,2019-01-30,156000,2,18
534,Ellie,Perez,F,2023-03-25,103000,12,17
535,Daniel,Bailey,M,2020-09-01,117000,15,20
536,Hannah,Brooks,F,2021-10-03,90000,6,27
537,Wyatt,James,M,2018-04-15,107000,11,17
538,Sofia,Stewart,F,2022-07-27,128000,19,21
539,Michael,Green,M,2023-01-14,98000,13,60
540,Chase,Price,M,2019-11-08,168000,9,55
541,Victoria,Reed,F,2021-08-22,122000,20,50
542,Anthony,Cox,M,2020-05-16,95000,7,56
543,Ruby,Howard,F,2023-09-09,58000,5,19
544,Matthew,Garrett,M,2018-12-02,172000,4,59
545,Addison,Bennett,F,2022-02-28,50000,15,25
546,Ezra,Andrews,M,2021-06-01,145000,7,18
547,Luna,Wood,F,2020-04-28,131000,6,12
548,Grayson,Mills,M,2019-03-12,75000,19,24
549,Nora,Jenkins,F,2023-10-06,102000,2,7
550,Xander,Stevenson,M,2022-12-30,42000,8,39
551,Emma,Johnson,F,2019-03-15,71000,4,19
552,William,Smith,M,2020-01-22,37000,15,33
553,Olivia,Brown,F,2021-06-30,197000,10,23
554,James,Davis,M,2018-11-05,38000,18,20
555,Ava,Wilson,F,2022-04-12,102000,5,56
556,Noah,Taylor,M,2023-05-01,50000,15,5
557,Sophia,Anderson,F,2020-12-19,173000,1,30
558,Jackson,Thomas,M,2017-08-14,60000,16,52
559,Mia,Martinez,F,2019-09-29,122000,20,45
560,Liam,Hernandez,M,2022-02-11,99000,15,38
561,Isabella,Clark,F,2023-10-09,134000,1,57
562,Ethan,Rodriguez,M,2021-07-20,71000,15,33
563,Charlotte,Lewis,F,2020-03-03,176000,18,44
564,Mason,Lee,M,2022-05-15,44000,9,20
565,Amelia,Walker,F,2018-01-21,63000,12,20
566,Lucas,Hall,M,2023-01-17,159000,14,10
567,Harper,Allen,F,2021-04-26,115000,9,44
568,Logan,Young,M,2020-08-27,155000,15,33
569,Chloe,King,F,2019-11-14,126000,20,8
570,Oliver,Wright,M,2017-03-10,66000,13,45
571,Bella,Scott,F,2022-09-22,198000,6,19
572,Elijah,Green,M,2021-12-02,49000,2,8
573,Evelyn,Adams,F,2020-06-11,157000,19,31
574,Henry,Baker,M,2019-05-17,43000,5,31
575,Abigail,Gonzalez,F,2022-01-30,44000,19,20
576,Samuel,Nelson,M,2023-03-05,99000,2,40
577,Luna,Carter,F,2018-10-25,155000,11,10
578,David,Mitchell,M,2020-02-18,197000,9,51
579,Scarlett,Perez,F,2021-08-09,88000,15,54
580,Jameson,Roberts,M,2019-07-12,115000,12,24
581,Avery,Turner,F,2022-10-16,181000,3,22
582,Jackson,Phillips,M,2020-04-14,169000,5,29
583,Layla,Campbell,F,2023-06-21,121000,9,41
584,Matthew,Parker,M,2018-09-13,96000,11,60
585,Grace,Evans,F,2021-11-28,119000,16,30
586,Daniel,Edwards,M,2020-12-08,96000,7,24
587,Samantha,Collins,F,2019-01-06,109000,17,4
588,Michael,Stewart,M,2022-07-19,117000,20,33
589,Ruby,Sanchez,F,2021-02-22,156000,3,15
590,Christopher,Morris,M,2018-05-05,188000,7,49
591,Zoey,Rogers,F,2023-04-30,116000,18,49
592,Carter,Reed,M,2020-09-07,69000,17,55
593,Victoria,Cook,F,2019-02-15,35000,20,4
594,Anthony,Morgan,M,2021-03-12,187000,20,6
595,Emily,Bell,F,2022-06-02,100000,19,34
596,George,Murphy,M,2018-11-28,63000,1,52
597,Aria,Cooper,F,2023-05-15,75000,8,40
598,Isaac,Reed,M,2021-10-11,154000,9,17
599,Madison,Bailey,F,2020-01-27,74000,14,25
600,Logan,Rivera,M,2022-08-30,70000,4,34
601,Emma,Smith,F,2015-03-12,76000,10,37
602,James,Brown,M,2020-07-24,139000,19,16
603,Olivia,Jones,F,2018-05-30,60000,20,7
604,William,Miller,M,2019-01-15,198000,14,39
605,Ava,Davis,F,2021-04-10,88000,3,56
606,Liam,Garcia,M,2022-08-05,56000,11,50
607,Sophia,Rodriguez,F,2023-02-18,114000,4,43
608,Benjamin,Martinez,M,2021-11-22,132000,16,50
609,Isabella,Hernandez,F,2020-06-14,76000,8,37
610,Noah,Lopez,M,2017-09-27,159000,16,60
611,Mia,Gonzalez,F,2021-12-30,75000,17,59
612,Ethan,Wilson,M,2023-07-19,42000,18,54
613,Charlotte,Anderson,F,2016-10-04,107000,20,47
614,Lucas,Thomas,M,2022-01-15,87000,8,46
615,Amelia,Taylor,F,2018-02-20,48000,9,40
616,Oliver,Moore,M,2023-05-25,170000,4,14
617,Harper,Jackson,F,2022-03-11,146000,11,24
618,Sebastian,White,M,2019-11-08,120000,9,19
619,Evelyn,Harris,F,2020-08-16,168000,2,12
620,Mason,Martin,M,2015-12-12,84000,15,24
621,Abigail,Thompson,F,2017-04-29,186000,15,6
622,Aiden,Garcia,M,2021-06-07,137000,2,20
623,Emily,Martinez,F,2018-01-19,167000,1,42
624,Henry,Robinson,M,2019-05-23,99000,16,19
625,Aria,Clark,F,2020-09-15,120000,6,52
626,Daniel,Lee,M,2021-01-28,70000,14,36
627,Grace,Hall,F,2022-04-30,176000,13,46
628,Alexander,Wright,M,2016-10-17,162000,19,39
629,Zoe,Young,F,2023-03-06,175000,15,5
630,Jack,King,M,2015-08-21,168000,18,15
631,Chloe,Scott,F,2019-10-12,101000,4,57
632,Logan,Green,M,2022-07-19,159000,8,57
633,Lily,Baker,F,2021-03-04,89000,8,50
634,Santiago,Adams,M,2018-11-16,160000,16,17
635,Nora,Bell,F,2023-09-10,174000,13,32
636,David,Carter,M,2017-06-08,45000,20,42
637,Scarlett,Mitchell,F,2020-12-03,179000,3,39
638,Samuel,Perez,M,2022-10-26,158000,12,16
639,Victoria,Ramirez,F,2019-02-11,82000,8,40
640,Wyatt,Clarkson,M,2021-05-21,156000,5,27
641,Luna,Stevens,F,2015-07-29,131000,12,22
642,Joseph,Collins,M,2023-01-14,141000,12,2
643,Camila,Reyes,F,2017-03-24,131000,10,8
644,Asher,Brooks,M,2021-09-18,80000,12,4
645,Abigail,Watson,F,2018-06-15,81000,8,28
646,Elijah,Wood,M,2022-02-05,151000,13,58
647,Hailey,Perkins,F,2023-04-12,39000,9,60
648,Avery,Howard,F,2016-05-28,102000,19,31
649,Maddox,Price,M,2021-08-04,62000,19,7
650,Ellie,Harper,F,2020-11-19,166000,3,37
651,Emily,Johnson,F,2015-04-12,97000,13,26
652,Michael,Smith,M,2020-08-19,102000,20,28
653,Olivia,Brown,F,2021-07-15,67000,16,33
654,James,Taylor,M,2019-11-03,57000,20,51
655,Ava,Anderson,F,2016-02-22,171000,16,30
656,William,Thomas,M,2018-09-30,117000,14,50
657,Sophia,Jackson,F,2022-10-05,170000,3,28
658,Jacob,White,M,2017-01-25,62000,5,30
659,Mia,Harris,F,2023-03-11,161000,2,18
660,Logan,Martin,M,2014-06-29,39000,8,48
661,Charlotte,Thompson,F,2020-12-01,108000,18,40
662,Daniel,Lee,M,2021-01-18,82000,20,54
663,Amelia,Walker,F,2020-05-10,183000,2,9
664,Matthew,Hall,M,2022-08-13,169000,13,60
665,Evelyn,Allen,F,2017-03-17,110000,4,26
666,Alexander,Young,M,2015-09-24,158000,5,22
667,Isabella,King,F,2021-04-29,103000,12,18
668,Joshua,Wright,M,2019-05-06,87000,17,24
669,Grace,Scott,F,2018-12-14,146000,19,4
670,Christopher,Green,M,2023-06-18,83000,3,25
671,Chloe,Adams,F,2016-08-22,46000,5,27
672,Andrew,Baker,M,2022-02-27,145000,13,20
673,Harper,Gonzalez,F,2015-11-15,54000,2,9
674,Ethan,Nelson,M,2010-10-10,79000,1,12
675,Zoe,Carter,F,2018-03-31,182000,1,2
676,David,Mitchell,M,2014-12-06,146000,15,37
677,Lily,Perez,F,2019-04-14,126000,10,57
678,Jason,Roberts,M,2023-01-27,101000,7,31
679,Victoria,Turner,F,2020-11-19,118000,15,20
680,Jack,Phillips,M,2017-05-08,133000,10,35
681,Samantha,Campbell,F,2021-09-23,143000,17,41
682,Joseph,Parker,M,2016-07-12,181000,16,32
683,Hannah,Evans,F,2022-03-30,135000,10,24
684,Thomas,Edwards,M,2015-02-05,198000,11,3
685,Scarlett,Edwards,F,2018-10-16,124000,6,4
686,Nathan,Rivera,M,2024-01-14,87000,14,42
687,Addison,Cooper,F,2019-12-28,40000,18,44
688,Dominic,Reed,M,2020-01-31,111000,7,48
689,Aubrey,Bell,F,2023-04-22,70000,4,12
690,Caleb,Murphy,M,2018-04-11,156000,18,12
691,Madison,Ward,F,2021-02-15,94000,16,17
692,Angelina,Cox,F,2020-06-20,163000,6,16
693,Isaac,Diaz,M,2016-09-09,84000,20,51
694,Lucy,Sanders,F,2023-07-07,189000,1,52
695,Henry,Price,M,2012-05-05,82000,13,20
696,Ellie,Hughes,F,2011-03-18,42000,1,3
697,Wyatt,Foster,M,2021-05-26,170000,20,36
698,Aria,Rivera,F,2022-09-15,165000,10,30
699,Leo,Washington,M,2023-02-11,169000,6,17
700,Emma,Butler,F,2014-07-27,124000,6,4
701,Emma,Johnson,F,2015-06-12,86000,9,5
702,James,Smith,M,2022-03-29,138000,5,46
703,Olivia,Williams,F,2018-02-15,183000,16,39
704,Ethan,Brown,M,2020-09-05,114000,4,25
705,Ava,Jones,F,2021-12-01,136000,12,51
706,Liam,Davis,M,2023-01-20,35000,5,55
707,Isabella,Garcia,F,2019-04-10,106000,19,39
708,Noah,Martinez,M,2024-08-21,143000,7,59
709,Charlotte,Hernandez,F,2016-10-30,105000,14,56
710,Lucas,Lopez,M,2023-05-22,49000,12,55
711,Sophia,Gonzalez,F,2017-07-19,66000,9,18
712,Logan,Perez,M,2024-02-14,123000,19,50
713,Mia,Wilson,F,2019-11-11,67000,18,21
714,Benjamin,Anderson,M,2021-07-04,145000,15,43
715,Amelia,Thomas,F,2016-03-03,110000,2,53
716,Oliver,Taylor,M,2020-05-15,183000,11,11
717,Harper,Moore,F,2022-11-18,182000,5,6
718,Elijah,Jackson,M,2021-09-27,168000,10,21
719,Evelyn,Martin,F,2018-12-06,177000,10,9
720,Henry,Lee,M,2015-08-22,160000,1,51
721,Abigail,Perez,F,2023-04-30,86000,5,60
722,Jack,Thompson,M,2019-01-17,50000,12,23
723,Chloe,White,F,2024-07-26,95000,1,25
724,Aiden,Harris,M,2020-10-02,118000,15,8
725,Sofia,Martin,F,2017-06-13,119000,14,60
726,Jackson,Scott,M,2025-01-01,159000,10,32
727,Grace,Green,F,2022-02-23,44000,8,55
728,Levi,Adams,M,2021-03-16,60000,4,24
729,Lily,Baker,F,2018-04-28,199000,18,41
730,Samuel,Allen,M,2016-05-12,106000,8,12
731,Zoe,Young,F,2023-03-15,61000,4,56
732,David,Hernandez,M,2020-12-09,159000,7,50
733,Stella,Wright,F,2019-10-05,176000,14,37
734,Matthew,King,M,2021-08-29,112000,17,9
735,Alice,Scott,F,2024-06-10,197000,4,58
736,Joseph,Lee,M,2015-11-04,184000,10,36
737,Victoria,Hall,F,2018-01-18,175000,9,56
738,Daniel,Adams,M,2022-04-11,161000,17,15
739,Ruby,Mitchell,F,2023-06-07,180000,17,14
740,Mason,Carter,M,2017-02-20,83000,17,19
741,Layla,Morris,F,2016-09-25,140000,2,8
742,David,Reed,M,2020-08-11,195000,13,5
743,Ellie,Cooper,F,2019-05-05,46000,4,60
744,Caleb,Roberts,M,2021-01-19,106000,13,21
745,Nora,Stewart,F,2022-12-03,199000,14,23
746,Gabriel,Turner,M,2024-11-15,109000,16,2
747,Savannah,Foster,F,2018-07-28,140000,5,54
748,Isaiah,Roberts,M,2023-10-14,191000,17,27
749,Audrey,Long,F,2015-04-05,123000,5,2
750,Adam,Bailey,M,2021-04-21,82000,15,31
751,Emma,Sullivan,F,2018-03-12,47000,10,27
752,Liam,O'Connor,M,2019-05-23,46000,10,54
753,Ava,Martinez,F,2020-07-15,79000,15,22
754,Oliver,Peterson,M,2021-01-09,127000,17,42
755,Sophia,Reed,F,2017-12-19,50000,9,11
756,Noah,Carter,M,2024-11-26,163000,6,21
757,Isabella,Lee,F,2023-04-18,176000,16,51
758,Ethan,Young,M,2022-09-30,66000,1,45
759,Mia,Clark,F,2019-08-05,114000,3,40
760,Sophia,Anderson,F,2020-02-10,95000,18,4
761,James,Kim,M,2021-06-23,37000,16,17
762,Charlotte,Scott,F,2025-10-14,64000,5,52
763,Elijah,Davis,M,2024-03-17,52000,8,17
764,Amelia,Brown,F,2022-05-30,121000,9,55
765,Benjamin,Garcia,M,2023-11-03,83000,13,59
766,Harper,Hall,F,2016-02-22,167000,14,59
767,Lucas,Nguyen,M,2019-10-06,174000,2,29
768,Elizabeth,Hernandez,F,2020-06-29,43000,20,45
769,Alexander,Lopez,M,2021-12-01,70000,16,44
770,Abigail,Walker,F,2024-01-08,51000,2,18
771,Michael,Turner,M,2022-08-14,165000,12,5
772,Scarlett,Walker,F,2018-05-11,144000,5,38
773,Daniel,Adams,M,2023-09-20,194000,9,10
774,Evelyn,Thompson,F,2015-07-16,148000,7,59
775,Aiden,White,M,2022-04-26,160000,3,40
776,Grace,Robinson,F,2020-10-15,51000,7,12
777,Carter,Phillips,M,2019-01-24,187000,17,15
778,Lily,Campbell,F,2017-11-07,99000,19,24
779,Matthew,Parker,M,2025-02-05,153000,8,5
780,Nora,Evans,F,2021-10-11,163000,17,21
781,Jackson,Edwards,M,2023-03-30,78000,14,38
782,Zoe,Collins,F,2018-09-02,63000,17,50
783,Caleb,Stewart,M,2024-07-12,74000,12,12
784,Chloe,Sanchez,F,2022-12-17,121000,8,32
785,Oliver,Foster,M,2020-03-04,88000,13,25
786,Mila,Ross,F,2016-08-27,167000,20,17
787,Henry,James,M,2021-05-13,133000,11,42
788,Avery,Reyes,F,2023-01-22,128000,7,13
789,Asher,Bennett,M,2019-06-09,168000,19,55
790,Sofia,Wood,F,2022-07-21,185000,16,36
791,Levi,Price,M,2018-04-16,56000,20,24
792,Ellie,Griffin,F,2021-09-25,130000,5,50
793,Jack,Woodward,M,2020-11-08,192000,20,59
794,Hannah,Collier,F,2023-02-28,146000,9,17
795,Wyatt,Hayes,M,2024-10-20,108000,6,2
796,Ruby,Long,F,2016-01-19,117000,18,48
797,Aiden,Myers,M,2022-06-05,40000,2,39
798,Audrey,Page,F,2017-03-29,131000,6,54
799,Chase,Ray,M,2025-05-04,66000,6,7
800,Stella,Peterson,F,2023-08-14,126000,14,36
801,Emily,Johnson,F,2015-03-20,68000,6,3
802,James,Smith,M,2020-06-15,175000,6,46
803,Olivia,Brown,F,2018-11-05,198000,19,36
804,Liam,Williams,M,2021-01-10,162000,8,42
805,Ava,Miller,F,2019-07-22,107000,16,22
806,Noah,Davis,M,1995-09-30,83000,4,5
807,Sophia,Garcia,F,2023-02-14,40000,6,40
808,Lucas,Rodriguez,M,2017-12-01,162000,9,39
809,Mia,Martinez,F,2016-05-16,72000,15,21
810,Elijah,Hernandez,M,2022-08-25,56000,17,18
811,Isabella,Lopez,F,2014-04-19,136000,1,57
812,Caden,Gonzalez,M,2013-10-11,166000,3,40
813,Amelia,Wilson,F,2020-03-09,100000,20,60
814,Jackson,Anderson,M,2010-01-23,164000,12,2
815,Lily,Thomas,F,1992-12-05,169000,13,1
816,Oliver,Taylor,M,2021-05-30,59000,3,50
817,Evelyn,Moore,F,2018-07-18,149000,7,9
818,Henry,Jackson,M,2023-09-10,38000,4,18
819,Harper,Martin,F,2019-11-27,138000,19,41
820,Aiden,Lee,M,2015-04-15,143000,5,35
821,Scarlett,Hall,F,2020-10-09,161000,14,25
822,Grayson,Young,M,2012-02-20,67000,12,5
823,Chloe,King,F,2021-06-28,91000,19,31
824,Michael,Hernandez,M,2016-08-12,49000,7,34
825,Charlotte,Harris,F,2014-03-03,42000,16,24
826,Alexander,Clark,M,2019-07-29,170000,7,47
827,Sofia,Lewis,F,2011-09-16,138000,10,52
828,Jackson,Robinson,M,2022-01-13,57000,2,34
829,Aria,Walker,F,2023-07-08,88000,13,2
830,Benjamin,Peña,M,1994-05-25,61000,12,29
831,Grace,Hall,F,2020-02-10,113000,2,41
832,Samuel,Allen,M,2017-11-30,66000,7,14
833,Victoria,Scott,F,2015-08-14,114000,11,56
834,Daniel,Green,M,2018-12-19,169000,13,40
835,Savannah,Bailey,F,2021-04-22,124000,15,33
836,Matthew,Adams,M,2016-06-02,50000,8,10
837,Addison,Wood,F,1999-01-17,89000,14,25
838,Elena,Bennett,F,2020-09-04,134000,13,8
839,Jameson,Campbell,M,2013-05-11,141000,8,3
840,Willow,Mitchell,F,2022-07-21,146000,18,48
841,Michelle,Garcia,F,2011-10-15,119000,8,14
842,Isaiah,Stewart,M,2014-12-16,154000,6,5
843,Zoe,Jenkins,F,2023-01-19,98000,17,57
844,Sebastian,Freeman,M,2020-10-23,53000,12,25
845,Kylie,Reyes,F,2018-03-29,185000,9,1
846,Levi,Romero,M,2015-03-31,188000,3,59
847,Autumn,Woodward,F,2022-11-14,76000,18,43
848,Owen,Thompson,M,2019-02-09,105000,5,37
849,Nora,Chang,F,2016-04-28,119000,9,49
850,Asher,Nguyen,M,2021-07-13,93000,5,14
851,Emily,Johnson,F,2015-03-12,79000,2,49
852,Michael,Smith,M,2020-06-28,116000,13,17
853,Sophia,Brown,F,2018-09-15,179000,6,20
854,James,Williams,M,2019-11-04,69000,18,49
855,Isabella,Jones,F,2021-01-22,131000,20,58
856,David,Miller,M,2018-12-30,52000,3,9
857,Ava,Davis,F,2023-02-17,161000,3,35
858,Matthew,García,M,2017-08-05,141000,6,36
859,Olivia,Rodriguez,F,2022-05-14,99000,6,8
860,Joshua,Martinez,M,2020-07-11,149000,1,14
861,Mia,Hernandez,F,2021-10-03,49000,8,8
862,Tyler,Lopez,M,2016-04-19,53000,20,4
863,Emma,Walker,F,2025-11-01,46000,13,19
864,Daniel,Hall,M,2019-09-22,186000,13,55
865,Charlotte,Allen,F,2023-04-28,190000,11,14
866,Andrew,Young,M,2022-12-15,85000,20,11
867,Amelia,Hernandez,F,2021-03-30,60000,19,24
868,Lucas,King,M,2017-01-23,119000,12,7
869,Harper,Wright,F,2024-10-09,68000,13,46
870,Noah,Scott,M,2018-07-18,53000,12,19
871,Lily,Torres,F,2020-05-27,37000,11,3
872,Ethan,Nguyen,M,2016-02-14,193000,13,34
873,Sebastian,Hill,M,2023-09-16,42000,12,38
874,Grace,Green,F,2024-05-12,114000,2,40
875,Logan,Adams,M,2021-04-20,62000,11,36
876,Chloe,Baker,F,2020-08-05,141000,7,60
877,Aiden,Nelson,M,2019-12-02,132000,7,17
878,Zoe,Carter,F,2023-10-30,71000,13,32
879,Daniela,Pérez,F,2022-08-18,86000,19,41
880,Jackson,Evans,M,2017-03-25,45000,9,26
881,Victoria,Edwards,F,2024-01-14,89000,1,30
882,Oliver,Turner,M,2021-09-13,57000,4,22
883,Penelope,Phillips,F,2016-06-21,86000,5,55
884,Samuel,Campbell,M,2018-11-11,121000,20,45
885,Addison,Parker,F,2022-02-01,120000,20,51
886,Isaiah,Evans,M,2023-07-15,138000,19,42
887,Riley,Collins,F,2020-10-29,58000,11,4
888,Jason,Stewart,M,2019-05-08,101000,1,9
889,Lila,Howard,F,2024-02-25,169000,6,22
890,Carter,Franco,M,2021-05-14,62000,16,13
891,Eva,Reyes,F,2020-03-20,167000,18,28
892,Wyatt,Martinez,M,2025-06-11,45000,12,43
893,Naomi,Turner,F,2018-12-31,123000,20,58
894,Elijah,Wright,M,2023-01-08,165000,3,41
895,Hannah,Lee,F,2022-11-14,123000,18,52
896,Dylan,Clark,M,2017-07-05,48000,17,20
897,Sienna,Morris,F,2024-09-03,40000,17,17
898,Jordan,Diaz,M,2021-06-17,73000,7,47
899,Samantha,White,F,2016-08-21,162000,6,21
900,Asher,Roberts,M,2025-03-02,183000,7,6
901,Emma,Smith,F,2020-07-15,60000,8,25
902,Liam,Johnson,M,2018-03-22,126000,8,9
903,Olivia,Williams,F,2019-11-30,188000,17,21
904,Noah,Brown,M,2021-01-05,129000,9,55
905,Ava,Jones,F,2022-10-12,196000,8,4
906,Elijah,García,M,2023-02-18,104000,17,30
907,Isabella,Miller,F,2017-08-09,182000,15,34
908,Lucas,Davis,M,2016-12-01,193000,19,27
909,Mia,Rodriguez,F,2024-04-03,152000,19,36
910,Oliver,Martinez,M,2023-05-22,118000,19,54
911,Sophia,Hernandez,F,2021-09-14,53000,13,28
912,William,Lopez,M,2020-03-23,59000,4,15
913,Amelia,Perez,F,2022-06-30,65000,8,54
914,James,Wilson,M,2021-11-07,176000,7,10
915,Charlotte,Anderson,F,2018-05-15,161000,11,6
916,Benjamin,Thomas,M,2019-02-19,150000,1,58
917,Harper,Taylor,F,2023-08-11,109000,6,4
918,Henry,Moore,M,2020-01-30,159000,1,41
919,Evelyn,Jackson,F,2024-09-27,42000,1,59
920,Alexander,Martin,M,2023-03-29,97000,13,35
921,Abigail,Lee,F,2017-04-05,134000,16,52
922,Jackson,Garcia,M,2021-12-20,124000,19,48
923,Avery,Robinson,F,2018-10-09,155000,7,32
924,Michael,Clark,M,2022-07-14,175000,1,41
925,Sofia,Lewis,F,2019-06-18,111000,2,54
926,Matthew,Walker,M,2023-10-05,161000,20,39
927,Mila,Hall,F,2020-08-02,86000,5,39
928,Daniel,Allen,M,2022-11-10,43000,1,57
929,Scarlett,Young,F,2021-07-23,149000,15,8
930,David,Hernandez,M,2019-01-25,182000,1,1
931,Ella,Wright,F,2020-12-15,115000,7,49
932,Wyatt,King,M,2018-04-28,105000,8,4
933,Chloe,Scott,F,2021-06-16,155000,6,19
934,Jack,Torres,M,2023-07-08,79000,19,5
935,Grace,Nguyen,F,2022-03-11,159000,19,11
936,Oliver,Phillips,M,2020-05-19,129000,11,12
937,Zoe,Campbell,F,2024-01-31,182000,9,50
938,Jason,Mitchell,M,2017-09-12,123000,19,60
939,Lily,Roberts,F,2021-08-21,173000,12,34
940,Caleb,Carter,M,2020-02-14,84000,3,6
941,Nora,Stewart,F,2022-12-24,63000,13,16
942,Xavier,Diaz,M,2023-04-17,138000,19,12
943,Samantha,Edwards,F,2021-10-29,98000,1,31
944,Christian,Collins,M,2024-05-12,154000,1,41
945,Peyton,Bennett,M,2023-09-07,136000,14,5
946,Levi,Wood,M,2018-07-04,146000,16,4
947,Autumn,Bailey,F,2021-02-09,170000,15,13
948,Kayden,Rivera,M,2020-06-25,117000,3,37
949,Victoria,Cooper,F,2022-03-03,141000,11,46
950,Aidan,Reed,M,2023-11-15,60000,7,4
951,Emma,Johnson,F,2020-03-15,160000,13,24
952,Noah,Smith,M,2015-07-22,123000,19,41
953,Olivia,Brown,F,2021-11-09,71000,13,56
954,Liam,Davis,M,2018-01-30,171000,10,29
955,Ava,Wilson,F,2023-02-25,118000,16,25
956,William,Taylor,M,2012-05-10,68000,13,4
957,Sophia,Anderson,F,2021-06-18,72000,5,46
958,James,Thomas,M,2019-08-12,51000,4,42
959,Isabella,Jackson,F,2020-12-01,154000,9,52
960,Oliver,White,M,2016-09-14,108000,16,1
961,Mia,Harris,F,2017-04-04,114000,8,58
962,Ethan,Martin,M,2024-10-05,76000,2,52
963,Charlotte,Thompson,F,2022-01-20,134000,19,10
964,Elijah,Garcia,M,2021-05-27,163000,5,9
965,Amelia,Martinez,F,2014-03-18,174000,14,1
966,Lucas,Robinson,M,2020-07-11,175000,7,16
967,Harper,Clark,F,2018-08-24,166000,16,56
968,Mason,Rodriguez,M,2023-03-30,199000,7,46
969,Evelyn,Lewis,F,2019-12-13,187000,17,46
970,Logan,Lee,M,2021-10-21,108000,17,10
971,Chloe,Hall,F,2022-02-15,40000,3,44
972,Alexander,Allen,M,2013-11-05,105000,15,39
973,Sofia,Young,F,2020-06-20,86000,9,39
974,Jackson,Hernandez,M,2015-01-17,124000,6,46
975,Victoria,King,F,2024-04-22,119000,20,\N
976,Henry,Wright,M,2017-09-09,59000,16,13
977,Grace,Scott,F,2021-03-11,144000,7,28
978,Lucas,Green,M,2018-12-31,137000,8,5
979,Aria,Adams,F,2022-07-07,117000,5,56
980,Samuel,Baker,M,2023-01-28,169000,8,12
981,Scarlett,Gonzalez,F,2016-10-04,49000,18,36
982,David,Nelson,M,2015-07-05,88000,12,33
983,Zoe,Carter,F,2024-08-19,173000,17,30
984,Matthew,Mitchell,M,2019-05-22,57000,13,5
985,Lucy,Perez,F,2020-11-14,194000,7,43
986,Wyatt,Roberts,M,2022-09-26,65000,7,55
987,Lily,Turner,F,2023-05-13,165000,5,40
988,Anthony,Phillips,M,2024-01-30,122000,19,12
989,Nora,Campbell,F,2022-12-17,200000,12,57
990,Isaiah,Parker,M,2017-04-29,129000,12,12
991,Grace,Edwards,F,2021-08-12,43000,10,17
992,Daniel,Collins,M,2015-02-09,169000,16,23
993,Ellie,Stewart,F,2023-04-02,79000,13,17
994,David,Sanchez,M,2016-03-15,110000,3,39
995,Aubrey,Morris,F,2020-10-18,79000,12,59
996,Matthew,Rogers,M,2018-06-23,97000,6,52
997,Addison,Reed,F,2022-03-08,165000,11,21
998,Sebastian,Cook,M,2017-08-30,171000,19,9
999,Samantha,Morgan,F,2024-02-14,55000,8,11
1000,Kai,Cooper,M,2021-10-17,92000,6,30
1001,Emily,Johnson,F,2015-03-12,147000,14,9
1002,Michael,Smith,M,2018-07-05,196000,18,33
1003,Sophia,Davis,F,2020-09-21,90000,10,39
1004,James,Brown,M,2019-01-15,110000,10,51
1005,Olivia,Williams,F,2016-06-30,190000,6,47
1006,Benjamin,Jones,M,2021-11-02,80000,5,1
1007,Charlotte,Garcia,F,2017-04-10,179000,16,51
1008,William,Martinez,M,2022-08-18,164000,13,44
1009,Mia,Rodriguez,F,2020-02-14,188000,15,18
1010,Logan,Hernandez,M,2018-12-01,53000,11,15
1011,Ava,Lopez,F,2013-05-24,67000,1,42
1012,Elijah,Wilson,M,2023-03-20,55000,16,23
1013,Isabella,Anderson,F,2020-10-30,141000,15,54
1014,Lucas,Thomas,M,2021-01-08,114000,16,7
1015,Amelia,Taylor,F,2019-08-17,186000,14,28
1016,Oliver,Moore,M,2014-04-06,46000,13,2
1017,Harper,Jackson,F,2012-09-28,67000,7,26
1018,Noah,White,M,2023-07-07,164000,4,2
1019,Evelyn,Harris,F,2020-12-15,100000,11,10
1020,Aiden,Martin,M,2016-11-27,67000,10,45
1021,Chloe,Thompson,F,2013-06-12,76000,20,30
1022,Jackson,Garcia,M,2022-05-11,114000,16,17
1023,Lily,Martinez,F,2021-02-22,61000,2,10
1024,Ethan,Jackson,M,2014-10-09,145000,17,56
1025,Ruby,Lee,F,2015-09-15,91000,17,20
1026,Dylan,Hall,M,2018-03-23,46000,3,1
1027,Avery,Allen,F,2023-10-10,80000,7,52
1028,Matthew,Young,M,2017-06-19,127000,13,34
1029,Scarlett,Sanchez,F,2020-01-29,172000,17,58
1030,Henry,Wright,M,2015-05-13,174000,8,30
1031,Grace,King,F,2012-08-22,138000,11,23
1032,Zoe,Scott,F,2021-04-17,151000,2,25
1033,Caleb,Green,M,2019-02-05,107000,2,38
1034,Nora,Adams,F,2016-11-06,71000,15,4
1035,Wyatt,Baker,M,2021-01-25,118000,15,19
1036,Ellie,Nelson,F,2018-02-14,175000,15,47
1037,Aaron,Carter,M,2020-10-10,123000,8,15
1038,Madison,Mitchell,F,2013-09-01,97000,19,56
1039,Jameson,Perez,M,2022-03-03,198000,12,49
1040,Penelope,Rivera,F,2014-12-31,68000,18,10
1041,David,Cox,M,2021-07-29,75000,7,42
1042,Savannah,Howard,F,2019-08-13,161000,5,28
1043,Asher,Ward,M,2023-06-25,51000,8,57
1044,Luna,Wood,F,2015-03-19,63000,3,55
1045,Leo,James,M,2022-11-11,123000,12,54
1046,Victoria,Gray,F,2017-12-04,48000,7,17
1047,Julian,Bennett,M,2020-04-15,88000,19,48
1048,Stella,Hughes,F,2016-10-30,109000,4,26
1049,Max,Chavez,M,2021-09-09,171000,20,48
1050,Claire,Price,F,2013-07-22,114000,15,59
1051,Emily,Jenkins,F,2015-06-15,135000,7,13
1052,Daniel,Smith,M,2020-01-10,139000,1,55
1053,Isabella,Brown,F,2018-03-22,185000,3,4
1054,Michael,Garcia,M,2019-11-05,157000,4,15
1055,Sophia,Martinez,F,2016-08-30,192000,16,19
1056,James,Wilson,M,2021-02-12,59000,2,40
1057,Olivia,Anderson,F,2023-04-18,76000,2,16
1058,William,Thomas,M,2017-09-25,89000,6,26
1059,Emma,Jackson,F,2022-07-14,83000,15,1
1060,Alexander,White,M,2020-12-01,161000,1,29
1061,Ava,Harris,F,2015-05-20,105000,14,45
1062,Benjamin,Lee,M,2019-10-07,88000,3,49
1063,Mia,Lopez,F,2021-03-17,199000,12,42
1064,Michael,Clark,M,2022-06-23,198000,9,18
1065,Charlotte,Rivera,F,2023-09-01,177000,19,53
1066,Henry,Young,M,2018-12-14,174000,3,32
1067,Amelia,King,F,2020-01-09,88000,10,23
1068,Oliver,Wright,M,2021-11-27,55000,12,3
1069,Harper,Scott,F,2017-04-02,193000,14,29
1070,Ethan,Adams,M,2019-07-16,83000,10,5
1071,Evelyn,Bell,F,2023-05-12,70000,1,60
1072,Daniel,Turner,M,2022-05-29,95000,20,21
1073,Grace,Phillips,F,2016-10-11,141000,14,59
1074,Lucas,Carter,M,2019-08-22,46000,10,36
1075,Savannah,Mitchell,F,2021-12-04,120000,7,11
1076,Elijah,Roberts,M,2020-03-08,200000,10,48
1077,Lily,Hall,F,2018-07-19,122000,10,4
1078,Jameson,Campbell,M,2021-02-21,151000,7,43
1079,Nora,Perez,F,2019-10-30,39000,18,37
1080,Aiden,Evans,M,2016-11-13,59000,13,46
1081,Scarlett,Edwards,F,2023-03-07,126000,6,32
1082,Wyatt,Collins,M,2020-04-25,195000,2,13
1083,Hannah,Stewart,F,2015-09-17,153000,11,43
1084,Jacob,Baker,M,2021-07-15,183000,12,23
1085,Luna,Hall,F,2018-01-12,146000,1,45
1086,Levi,Allen,M,2022-08-31,119000,7,24
1087,Chloe,King,F,2019-09-15,180000,10,43
1088,Isaiah,Morris,M,2023-11-10,175000,2,22
1089,Aria,Wood,F,2017-06-29,68000,19,22
1090,Grayson,Thompson,M,2021-01-18,126000,9,21
1091,Zoe,Nguyen,F,2016-04-20,77000,20,18
1092,Asher,Ramirez,M,2020-02-05,72000,7,10
1093,Natalie,Gonzalez,F,2022-10-11,175000,16,27
1094,Samuel,Tran,M,2018-05-22,66000,5,2
1095,Camila,Turner,F,2023-01-30,152000,11,29
1096,Ella,Phillips,F,2019-03-23,130000,12,47
1097,Jaxon,Lee,M,2020-07-31,155000,18,29
1098,Victoria,Hall,F,2021-09-14,36000,7,22
1099,Noah,White,M,2015-12-25,76000,5,32
1100,Samantha,Miller,F,2022-12-01,57000,17,29
1101,Emma,Johnson,F,2017-03-15,45000,12,34
1102,James,Smith,M,2020-06-22,110000,11,18
1103,Mia,Brown,F,2015-09-10,198000,5,59
1104,Liam,Davis,M,2021-01-09,66000,12,25
1105,Olivia,Wilson,F,2019-04-18,56000,19,47
1106,Noah,Moore,M,2018-11-26,69000,16,58
1107,Ava,Taylor,F,2022-02-14,183000,11,36
1108,William,Anderson,M,2016-12-30,187000,3,36
1109,Sophia,Thomas,F,2014-10-11,73000,11,18
1110,Lucas,Jackson,M,2023-05-20,92000,14,35
1111,Isabella,White,F,2020-07-28,66000,9,26
1112,Elijah,Harris,M,2013-08-05,101000,11,41
1113,Charlotte,Martin,F,2021-03-27,41000,3,31
1114,Oliver,Thompson,M,2019-03-02,122000,4,23
1115,Amelia,Garcia,F,2016-01-19,165000,13,34
1116,Logan,Martinez,M,2024-09-23,136000,20,53
1117,Evelyn,Robinson,F,2018-05-17,178000,1,20
1118,Jackson,Clark,M,2022-11-11,98000,8,48
1119,Abigail,Rodriguez,F,2015-02-08,135000,20,29
1120,Alexander,Lewis,M,2017-12-21,73000,10,7
1121,Sofia,Lee,F,2023-04-30,173000,13,17
1122,Henry,Walker,M,2014-06-14,101000,10,38
1123,Aria,Hall,F,2021-10-01,197000,6,45
1124,Jameson,Young,M,2020-08-12,133000,7,49
1125,Lily,Allen,F,2017-03-05,149000,4,15
1126,Samuel,Hernandez,M,2023-01-25,120000,10,29
1127,Chloe,King,F,2019-07-16,160000,18,27
1128,Daniel,Wright,M,2016-05-18,168000,1,12
1129,Natalie,Scott,F,2022-12-02,89000,20,22
1130,Dylan,Green,M,2015-04-22,75000,11,43
1131,Scarlett,Adams,F,2020-01-20,40000,12,46
1132,Wyatt,Baker,M,2018-09-08,61000,4,52
1133,Ella,Gonzalez,F,2021-11-30,37000,12,10
1134,Anthony,Nelson,M,2013-07-23,190000,4,56
1135,Grace,Carter,F,2019-05-11,67000,8,26
1136,Asher,Mitchell,M,2022-08-14,177000,12,46
1137,Archer,Perez,M,2017-02-06,165000,13,12
1138,Zoey,Roberts,F,2020-10-16,43000,19,45
1139,Isaiah,Turner,M,2014-03-19,175000,17,43
1140,Addison,Parker,F,2021-06-28,126000,16,22
1141,Jonathan,Collins,M,2018-12-10,110000,9,20
1142,Leah,Edwards,F,2015-10-24,138000,14,22
1143,Matthew,Stewart,M,2023-03-01,130000,20,35
1144,Emily,Cooper,F,2022-05-15,143000,9,43
1145,Thomas,Morris,M,2017-09-30,158000,16,34
1146,Savannah,Reed,F,2021-07-19,127000,8,13
1147,Oliver,Bell,M,2015-11-08,167000,1,39
1148,Camila,Gonzalez,F,2014-04-20,200000,2,38
1149,Xander,Cox,M,2020-09-27,187000,10,60
1150,Madison,Diaz,F,2023-02-03,42000,10,35
1151,Lucas,Bennett,M,1995-03-15,74000,17,27
1152,Mia,Bennett,F,2001-07-22,168000,5,28
1153,James,Garcia,M,2010-06-30,76000,9,57
1154,Sophia,Lee,F,2020-04-01,101000,17,55
1155,Oliver,Wright,M,2018-01-15,168000,3,31
1156,Lily,Johnson,F,2022-09-10,173000,7,11
1157,Noah,Martinez,M,1993-12-12,91000,3,36
1158,Ava,Anderson,F,2016-05-05,85000,12,55
1159,Elijah,Robinson,M,2019-11-20,164000,20,28
1160,Emma,Thompson,F,2021-10-17,175000,20,2
1161,Lucas,Clark,M,1992-01-14,118000,17,42
1162,Isabella,Walker,F,2017-03-03,52000,14,16
1163,Alexander,Harris,M,1994-05-30,114000,3,39
1164,Sarah,King,F,2013-08-08,55000,13,20
1165,Daniel,Scott,M,2024-02-25,119000,16,2
1166,Bella,Young,F,1991-04-19,114000,20,11
1167,Benjamin,Adams,M,1996-09-06,43000,3,48
1168,Charlotte,Baker,F,2000-12-02,169000,10,4
1169,Henry,Nelson,M,2014-11-11,109000,8,38
1170,Grace,Carter,F,2025-01-01,56000,12,60
1171,Aiden,Mitchell,M,1998-02-19,168000,15,7
1172,Zoe,Roberts,F,2015-06-18,56000,14,8
1173,Jackson,Turner,M,2020-07-27,82000,1,8
1174,Amelia,Phillips,F,1997-10-13,35000,8,33
1175,Michael,Campbell,M,2023-05-08,79000,8,38
1176,Harper,Parker,F,1990-08-21,135000,5,36
1177,Matthew,Evans,M,2003-02-14,165000,14,44
1178,Layla,Edwards,F,2021-05-20,83000,15,42
1179,Wyatt,Collins,M,2019-09-23,46000,8,7
1180,Nora,Stewart,F,2002-12-28,193000,6,45
1181,Samuel,Sanchez,M,2020-04-16,86000,10,10
1182,Evelyn,Reed,F,1995-11-05,181000,20,47
1183,David,Hughes,M,2016-06-12,101000,3,55
1184,Chloe,Price,F,2024-03-30,98000,10,2
1185,Joseph,Wood,M,2003-07-07,192000,20,58
1186,Aubrey,Cooper,F,1994-01-03,68000,17,12
1187,Matthew,Morris,M,2011-06-25,173000,16,46
1188,Faith,Diaz,F,2017-08-14,117000,11,52
1189,Liam,Hayes,M,2015-02-28,37000,18,1
1190,Brianna,Long,F,2022-03-09,87000,14,48
1191,Andrew,West,M,2018-10-15,184000,1,45
1192,Samantha,James,F,2000-05-18,78000,8,26
1193,John,Webb,M,1993-09-25,78000,13,12
1194,Lillian,Simpson,F,2025-11-29,168000,13,29
1195,Carter,Hunter,M,1999-04-20,185000,2,38
1196,Victoria,Chavez,F,2019-01-11,172000,20,21
1197,Christopher,Stevens,M,1992-07-06,169000,16,12
1198,Savannah,Foster,F,2010-12-17,63000,8,18
1199,Isaac,Kim,M,2021-11-22,179000,5,34
1200,Scarlett,Reyes,F,2023-08-04,80000,4,37
1201,Michael,Smith,M,2015-03-12,116000,11,6
1202,Jennifer,Jones,F,2020-06-23,104000,8,17
1203,William,Brown,M,1999-08-05,120000,9,9
1204,Emily,Davis,F,2018-01-17,116000,9,12
1205,James,Miller,M,2021-04-30,148000,4,50
1206,Jessica,Garcia,F,2017-02-27,164000,4,58
1207,David,Martinez,M,2016-09-15,101000,8,29
1208,Sarah,Martinez,F,2019-11-08,126000,9,49
1209,Daniel,Hernandez,M,2022-12-19,136000,14,60
1210,Laura,Lopez,F,2024-01-14,171000,10,60
1211,Chris,Wilson,X,2014-05-21,184000,7,45
1212,Amy,Anderson,F,2023-07-13,187000,7,32
1213,Joseph,Thomas,M,1995-10-11,154000,15,56
1214,Karen,Taylor,F,2025-03-01,53000,17,9
1215,Kevin,Moore,M,2002-12-05,68000,14,34
1216,Ashley,Jackson,F,2020-07-29,189000,16,37
1217,Joshua,Martin,M,2015-09-03,51000,20,8
1218,Emily,Lee,F,1998-04-22,81000,4,54
1219,Daniel,White,M,2024-08-10,190000,17,50
1220,Rebecca,Harris,F,2021-10-18,171000,8,22
1221,Thomas,Thompson,M,1994-11-30,40000,15,9
1222,Samantha,Garrett,F,2023-02-14,125000,6,11
1223,Anthony,Martinez,M,2008-06-19,41000,14,47
1224,Laura,Roberts,F,1992-09-25,174000,11,20
1225,Michael,Turner,M,2025-05-20,81000,3,55
1226,Deborah,Phillips,F,1991-01-15,77000,7,48
1227,Tyler,Campbell,M,2020-05-02,143000,7,6
1228,Katherine,Parker,F,2019-03-08,130000,8,35
1229,Mary,Evans,F,1997-12-01,153000,7,14
1230,Brian,Edwards,M,2022-02-17,144000,3,24
1231,Ashley,Collins,F,2016-07-23,119000,1,49
1232,Steven,Stewart,M,2004-10-30,115000,3,15
1233,Megan,Nguyen,F,2021-08-14,37000,18,18
1234,Charles,Reed,M,1996-05-09,183000,13,14
1235,Kylie,Richards,F,2023-09-05,198000,2,23
1236,Patrick,Wood,M,2018-01-25,104000,17,46
1237,Linda,James,F,1990-06-16,67000,3,19
1238,Emily,Scott,F,2024-12-12,148000,8,5
1239,Andrew,Hall,M,2015-03-04,40000,15,29
1240,Sophie,Allen,F,2020-04-25,98000,13,39
1241,Daniel,Wright,M,1993-08-18,165000,15,26
1242,Hannah,Green,F,2022-11-27,197000,20,45
1243,James,King,M,2017-05-11,80000,19,3
1244,Olivia,Boyd,F,2023-01-22,176000,18,40
1245,Mark,Young,M,2014-09-30,86000,9,34
1246,Amanda,Scott,F,1999-10-10,72000,2,47
1247,Jacob,Hernandez,M,2021-06-05,143000,12,52
1248,Sarah,Adams,F,2003-03-30,68000,4,57
1249,Nicholas,Allen,M,2025-07-17,85000,15,48
1250,Megan,Clark,F,1995-12-14,72000,8,31
1251,Emma,Johnson,F,2020-03-15,99000,18,21
1252,Liam,Smith,M,2019-07-22,65000,14,8
1253,Ava,Brown,F,2018-11-05,150000,17,40
1254,Noah,Davis,M,2021-01-30,172000,2,37
1255,Olivia,Garcia,F,2022-06-18,51000,12,36
1256,William,Miller,M,2023-04-10,148000,7,58
1257,Sophia,Martinez,F,2017-09-27,129000,4,24
1258,James,Hernandez,M,2016-02-14,110000,2,42
1259,Mia,Lopez,F,2015-05-21,143000,4,16
1260,Oliver,Gonzalez,M,2024-10-03,72000,7,33
1261,Charlotte,Wilson,F,2023-12-09,165000,1,24
1262,Benjamin,Anderson,M,2014-08-25,65000,18,17
1263,Amelia,Thomas,F,2021-03-12,126000,19,13
1264,Lucas,Taylor,M,2022-07-05,147000,15,43
1265,Evelyn,Moore,F,2019-01-19,188000,7,41
1266,Henry,Jackson,M,2018-06-23,39000,11,42
1267,Harper,White,F,2020-02-08,87000,20,39
1268,Alexander,Harris,M,2023-05-11,199000,14,5
1269,Abigail,Martin,F,2017-11-30,42000,17,58
1270,Elijah,Thompson,M,2024-09-15,127000,4,51
1271,Emily,Martinez,F,2015-03-06,168000,6,18
1272,Michael,Martinez,M,2025-01-20,75000,9,8
1273,Sarah,Robinson,F,2016-12-01,79000,1,5
1274,Daniel,Clark,M,2022-04-19,61000,3,16
1275,Grace,Lewis,F,2019-10-11,186000,17,9
1276,Jackson,Lee,M,2021-08-24,65000,11,24
1277,Lily,Walker,F,2023-11-14,66000,6,29
1278,Aiden,Hall,M,2018-07-07,135000,14,1
1279,Sofia,Young,F,2020-05-29,165000,7,56
1280,Matthew,Allen,M,2024-03-17,146000,2,18
1281,Nora,Sanchez,F,2015-05-30,44000,11,57
1282,Wyatt,Wright,M,2022-12-22,145000,10,2
1283,Zoe,Scott,F,2017-08-15,128000,5,42
1284,Jack,Green,M,2023-06-01,94000,3,50
1285,Chloe,Baker,F,2021-09-20,146000,8,33
1286,Samuel,Adams,M,2014-04-04,115000,20,46
1287,Leah,Nelson,F,2020-01-31,144000,20,47
1288,David,Carter,M,2023-02-17,67000,17,34
1289,Scarlett,Mitchell,F,2016-10-10,64000,5,50
1290,Joseph,Perez,M,2022-11-29,57000,4,11
1291,Victoria,Roberts,F,2015-06-12,84000,2,21
1292,Isaiah,Turner,M,2017-03-18,123000,13,8
1293,Mila,Phillips,F,2021-07-28,139000,17,55
1294,Grayson,Campbell,M,2018-04-14,102000,16,6
1295,Addison,Parker,F,2020-08-04,52000,1,52
1296,Leo,Evans,M,2023-05-10,109000,19,11
1297,Scarlet,Edwards,F,2019-12-25,130000,5,7
1298,Eli,Collins,M,2022-02-02,135000,5,35
1299,Ellie,Stewart,F,2016-11-17,69000,12,15
1300,Dylan,Price,M,2024-09-23,157000,7,22
1301,James,Smith,M,1995-06-15,164000,8,18
1302,Emily,Jones,F,2001-03-22,192000,5,31
1303,Michael,Brown,M,2012-10-05,79000,17,41
1304,Olivia,Davis,F,2018-01-30,97000,20,42
1305,William,Miller,M,2008-07-19,146000,6,31
1306,Sophia,Wilson,F,2020-02-11,186000,19,59
1307,Alexander,Moore,M,2013-09-23,129000,13,37
1308,Mia,Taylor,F,2021-12-17,86000,18,45
1309,Daniel,Anderson,M,1999-04-04,95000,17,40
1310,Ava,Thomas,F,2022-08-08,185000,6,40
1311,Matthew,Jackson,M,1997-11-12,193000,17,19
1312,Isabella,Harris,F,2023-05-27,45000,18,43
1313,Andrew,White,M,2004-03-15,185000,15,41
1314,Charlotte,Martin,F,2011-06-21,108000,12,44
1315,Joshua,Thompson,M,2005-12-06,196000,2,16
1316,Liam,García,M,2024-01-14,143000,9,55
1317,Amelia,Martinez,F,2019-04-02,108000,4,50
1318,Christopher,Robinson,M,2025-11-30,100000,11,14
1319,Grace,Clark,F,1996-02-18,150000,2,10
1320,Ethan,Rodriguez,M,2010-07-30,58000,18,13
1321,Harper,Lewis,F,2017-08-10,115000,5,43
1322,Logan,Lee,M,1992-10-28,66000,15,47
1323,Evelyn,Wright,F,2006-09-04,189000,20,54
1324,Sebastian,Hill,M,2014-05-17,158000,12,24
1325,Victoria,Scott,F,2023-03-29,101000,17,8
1326,Elijah,Green,M,2003-01-02,94000,20,46
1327,Samantha,Adams,F,1994-12-14,98000,5,53
1328,Jack,Baker,M,2022-06-03,119000,3,45
1329,Zoe,Nelson,F,2015-10-09,40000,15,16
1330,Tyler,Carter,M,2000-08-12,185000,3,31
1331,Nora,Mitchell,F,2021-07-21,43000,19,3
1332,Lucas,Perez,M,1991-05-01,80000,5,43
1333,Layla,Roberts,F,2016-11-17,199000,4,13
1334,Jameson,Turner,M,2020-09-18,111000,12,45
1335,Sofia,Phillips,F,2018-02-25,133000,4,12
1336,Alexander,Campbell,M,1993-11-20,69000,15,1
1337,Avery,Parker,F,2024-04-29,190000,8,15
1338,Levi,Evans,M,2002-03-11,94000,12,39
1339,Aubrey,Edwards,F,2009-12-23,113000,11,21
1340,Jackson,Collins,M,2025-10-16,44000,18,41
1341,Nathan,Stewart,M,1990-08-31,59000,14,15
1342,Scarlett,Sanchez,F,2011-01-14,98000,2,56
1343,Grayson,Morris,M,2017-05-06,112000,15,17
1344,Chloe,Reed,F,2005-06-29,70000,19,51
1345,Asher,Price,M,2013-02-14,58000,5,13
1346,Bella,Wood,F,2021-08-23,106000,18,39
1347,Oliver,Bell,M,1998-01-19,95000,6,13
1348,Luna,Gonzalez,F,2023-07-15,88000,14,26
1349,Noah,Cooper,M,1995-04-09,155000,14,53
1350,Madison,Howard,F,2022-12-12,160000,10,6
1351,Emma,Johnson,F,2015-03-12,160000,8,35
1352,Liam,Smith,M,2020-07-24,68000,6,38
1353,Olivia,Brown,F,2021-05-30,61000,19,36
1354,Noah,Williams,M,2018-11-14,72000,4,45
1355,Ava,Jones,F,2023-04-09,174000,11,21
1356,Elijah,Miller,M,2019-06-18,200000,9,45
1357,Sophia,Davis,F,2017-02-25,146000,20,19
1358,James,García,M,2022-08-05,101000,3,29
1359,Mia,Rodriguez,F,2020-01-15,148000,19,53
1360,Benjamin,Martinez,M,2024-09-29,58000,14,3
1361,Charlotte,Hernandez,F,2021-12-01,101000,4,11
1362,Oliver,Lopez,M,2016-10-21,127000,16,15
1363,Amelia,Wilson,F,2023-05-07,147000,19,54
1364,Lucas,Anderson,M,2019-07-30,155000,10,37
1365,Harper,Thomas,F,2020-03-14,139000,14,22
1366,Logan,Taylor,M,2022-11-11,47000,2,6
1367,Grace,Moore,F,2017-08-22,105000,10,35
1368,Jackson,Jackson,M,2021-01-29,133000,15,4
1369,Evelyn,Martin,F,2018-04-17,51000,14,3
1370,Aiden,Lee,M,2019-09-25,158000,14,44
1371,Sofia,White,F,2023-02-19,113000,13,21
1372,Jackson,Nguyen,M,2020-06-30,104000,20,6
1373,Zoe,Harris,F,2016-12-15,36000,7,\N
1374,Matthew,Thompson,M,2019-03-03,177000,12,25
1375,Chloe,Martinez,F,2024-10-10,187000,17,49
1376,Michael,Garcia,M,2015-02-26,58000,16,28
1377,Scarlett,Martinez,F,2022-07-04,198000,12,52
1378,Alexander,Lopez,M,2018-05-16,104000,12,10
1379,Victoria,Wilson,F,2020-08-22,41000,2,29
1380,Henry,Robinson,M,2021-01-12,118000,17,28
1381,Audrey,Clark,F,2017-11-05,51000,6,40
1382,Wyatt,Scott,M,2023-01-27,93000,1,26
1383,Addison,Adams,F,2016-03-20,95000,12,31
1384,Ethan,Bell,M,2022-02-14,188000,8,7
1385,Layla,Evans,F,2018-09-08,82000,2,48
1386,Caleb,Green,M,2020-10-31,102000,4,2
1387,Stella,Wright,F,2021-06-23,101000,10,55
1388,Jose,King,M,2017-04-15,57000,7,48
1389,Lucy,Lopez,F,2015-12-06,53000,4,27
1390,Isaiah,Young,M,2019-07-12,41000,12,28
1391,Savannah,Hill,F,2023-03-04,189000,4,37
1392,Jacob,Scott,M,2020-01-07,86000,3,39
1393,Nora,Adams,F,2022-09-20,178000,3,42
1394,Asher,Stewart,M,2018-11-02,182000,18,2
1395,Aria,Allen,F,2024-08-18,127000,5,16
1396,Adrian,Sanchez,M,2016-05-13,191000,3,42
1397,Samantha,Morris,F,2021-02-05,139000,5,54
1398,Leo,Price,M,2023-11-23,111000,12,26
1399,Lily,Hall,F,2019-08-14,106000,6,60
1400,Oliver,Nguyen,X,2020-04-04,181000,15,48
1401,Emma,Smith,F,1995-06-15,165000,10,25
1402,Oliver,Johnson,M,2003-03-23,70000,3,34
1403,Ava,Williams,F,2010-11-05,68000,16,55
1404,James,Jones,M,2020-07-19,180000,3,45
1405,Sophia,Brown,F,2018-02-14,111000,4,2
1406,William,Davis,M,1998-12-01,157000,7,37
1407,Mia,Garcia,F,2021-04-25,55000,1,43
1408,Elijah,Miller,M,2016-09-10,77000,1,45
1409,Isabella,Martinez,F,2001-01-30,164000,5,53
1410,Lucas,Hernandez,M,2015-08-11,149000,9,29
1411,Harper,Lopez,F,1997-05-06,112000,19,8
1412,Benjamin,Gonzalez,M,2022-10-20,147000,19,45
1413,Evelyn,Wilson,F,2019-03-15,117000,18,23
1414,Henry,Anderson,M,2005-02-18,99000,2,30
1415,Charlotte,Thomas,F,2023-01-22,162000,4,25
1416,Alexander,Taylor,M,1994-09-29,118000,9,51
1417,Grace,Moore,F,2024-06-12,63000,14,49
1418,Michael,Jackson,M,2020-04-17,45000,15,47
1419,Amelia,White,F,1996-07-23,185000,10,36
1420,Daniel,Harris,M,2014-11-09,110000,16,24
1421,Chloe,Martin,F,2021-12-30,163000,3,3
1422,Matthew,Thompson,M,1993-10-04,115000,14,44
1423,Sophia,Garcia,F,2025-05-18,184000,6,51
1424,Jackson,Martinez,M,1992-08-21,163000,3,9
1425,Avery,Robinson,F,2018-11-11,125000,3,44
1426,Carter,Clark,M,2008-02-27,95000,6,19
1427,Scarlett,Lewis,F,2019-03-05,187000,8,27
1428,Ezra,Lee,M,2021-07-22,179000,20,56
1429,Nora,Walker,F,2015-09-15,111000,2,43
1430,Anthony,Hall,M,2009-04-02,47000,8,43
1431,Sofia,Allen,F,1990-09-30,150000,16,53
1432,Sebastian,Yang,M,2022-08-12,39000,2,19
1433,Zoe,Sanchez,F,2018-10-25,113000,19,48
1434,Isaac,King,M,2000-12-31,189000,18,45
1435,Lily,Wright,F,2024-01-14,46000,19,34
1436,David,Scott,M,1997-05-19,91000,2,53
1437,Audrey,Green,F,2021-02-14,136000,20,12
1438,Joseph,Adams,M,2023-03-03,114000,16,59
1439,Madison,Baker,F,1996-11-28,163000,14,41
1440,Leo,Nelson,M,2012-07-07,136000,12,13
1441,Victoria,Carter,F,2019-09-10,65000,19,33
1442,Jayden,Bennett,M,2017-03-27,169000,11,35
1443,Eleanor,Cooper,F,2020-05-22,77000,19,15
1444,Lincoln,Richardson,M,2014-06-18,118000,14,4
1445,Aria,Perez,F,1993-08-02,168000,4,7
1446,Wyatt,Rivera,M,2021-05-30,129000,17,33
1447,Samantha,Cox,F,2024-11-15,108000,1,42
1448,Owen,Howard,M,1991-03-14,110000,13,14
1449,Ruby,Diaz,F,2025-01-05,90000,12,55
1450,Isaiah,Hayes,X,2023-07-24,100000,16,51
1451,Emily,Smith,F,2020-07-15,58000,7,1
1452,Michael,Brown,M,2019-03-22,103000,5,40
1453,Sarah,Jones,F,2018-11-05,165000,18,8
1454,David,Garcia,M,2021-01-30,136000,19,54
1455,Jessica,Martinez,F,2023-03-14,39000,5,46
1456,Christopher,Rodriguez,M,2022-05-10,127000,1,4
1457,Ashley,Lee,F,2020-12-01,195000,13,26
1458,Brian,Hernandez,M,2021-09-25,121000,7,19
1459,Amy,Wilson,F,2017-04-18,157000,8,51
1460,Jacob,Anderson,M,2022-08-12,59000,5,23
1461,Karen,Williams,F,2019-06-20,171000,19,5
1462,Daniel,Thomas,M,2021-10-09,46000,13,22
1463,Laura,Taylor,F,2023-05-19,57000,18,29
1464,Matthew,Moore,M,2018-02-11,190000,13,43
1465,Olivia,Jackson,F,2020-01-28,183000,11,8
1466,Aaron,White,M,2023-11-10,92000,15,25
1467,Tina,Harris,F,2017-08-08,193000,9,52
1468,James,Martin,M,2019-12-30,68000,17,24
1469,Susan,Thompson,F,2022-02-23,41000,10,40
1470,Kevin,Garrett,M,2021-03-11,62000,4,30
1471,Hannah,Martinez,F,2020-05-17,157000,11,5
1472,Grace,Ramirez,F,2017-09-14,110000,9,32
1473,Joshua,Clark,M,2022-07-05,107000,2,56
1474,Angela,Robinson,F,2023-10-28,143000,2,56
1475,Charles,Scott,M,2018-04-20,122000,4,44
1476,Megan,Young,F,2021-06-22,85000,1,53
1477,Dylan,Mitchell,M,2020-08-13,109000,11,7
1478,Brittany,King,F,2019-01-16,147000,14,54
1479,Justin,Green,M,2023-02-30,68000,17,37
1480,Samantha,Adams,F,2022-09-18,95000,15,37
1481,Tyler,Baker,M,2021-11-15,99000,15,59
1482,Victoria,Nelson,F,2020-03-07,45000,7,7
1483,Henry,Carter,M,2022-04-27,83000,14,6
1484,Clara,Phillips,F,2017-07-23,132000,2,30
1485,Samuel,Evans,M,2023-06-11,160000,7,13
1486,Alice,Turner,F,2018-10-09,74000,2,9
1487,Lucas,Diaz,M,2021-10-03,195000,2,48
1488,Victoria,Morris,F,2019-08-12,100000,3,10
1489,Isaac,West,M,2022-01-20,61000,2,2
1490,Rachel,James,F,2020-04-26,194000,14,22
1491,Anna,Rodgers,F,2023-11-01,105000,6,40
1492,Henry,Bennett,M,2018-05-15,185000,19,8
1493,Chloe,Cooper,F,2021-12-24,111000,13,31
1494,Leo,Reed,M,2022-07-30,85000,3,29
1495,Evelyn,Price,F,2020-09-14,141000,18,34
1496,Nathan,Wood,M,2019-11-11,49000,20,8
1497,Isabella,Gray,F,2023-03-02,46000,8,31
1498,Oliver,Jameson,M,2017-12-08,173000,16,5
1499,Zoey,Campbell,F,2021-05-29,75000,20,22
1500,Logan,Stewart,M,2022-10-18,188000,20,48
1501,Emma,Johnson,F,2013-05-12,113000,2,39
1502,Liam,Smith,M,2021-08-30,194000,6,36
1503,Ava,Brown,F,2016-11-22,88000,5,2
1504,Noah,Williams,M,2022-03-14,82000,19,57
1505,Olivia,Jones,F,2019-01-05,140000,3,46
1506,Elijah,Garcia,M,2015-07-19,195000,10,43
1507,Sophia,Miller,F,2020-09-10,84000,1,18
1508,James,Davis,M,2011-04-27,48000,20,28
1509,Isabella,Rodriguez,F,2023-02-15,135000,7,51
1510,Lucas,Martinez,M,2018-06-08,123000,4,55
1511,Mia,Hernandez,F,2017-12-02,172000,8,52
1512,Aiden,Lopez,M,2014-10-25,196000,13,52
1513,Charlotte,Wilson,F,2024-01-30,96000,3,56
1514,Jackson,Anderson,M,2020-07-17,68000,13,22
1515,Amelia,Thomas,F,2012-03-21,100000,8,18
1516,Oliver,Taylor,M,2019-11-05,54000,14,18
1517,Harper,Moore,F,2010-08-14,81000,5,27
1518,Sebastian,Jackson,M,2025-05-09,199000,17,60
1519,Evelyn,White,F,2021-02-11,67000,20,4
1520,Alexander,Harris,M,2016-05-23,192000,15,18
1521,Abigail,Martin,F,2013-09-30,36000,4,30
1522,Ethan,Thompson,M,2022-12-01,143000,16,47
1523,Ellie,Garcia,F,2018-07-26,192000,20,51
1524,Carter,Martinez,M,2015-04-11,75000,10,14
1525,Grace,Lee,F,2024-10-20,95000,6,40
1526,Michael,Walker,M,2010-02-07,192000,19,31
1527,Sofia,Hall,F,2017-03-15,69000,11,23
1528,Jameson,Young,M,2020-06-28,85000,1,4
1529,Scarlett,Allen,F,2011-01-18,41000,9,32
1530,Jacob,King,M,2019-09-22,192000,12,53
1531,Chloe,Wright,F,2023-04-03,40000,10,43
1532,Matthew,Scott,M,2016-02-29,101000,18,43
1533,Avery,Green,F,2025-11-25,59000,1,3
1534,Benjamin,Adams,M,2011-12-11,105000,19,49
1535,Layla,Baker,F,2017-05-13,82000,13,38
1536,Daniel,Nelson,M,2020-03-01,46000,19,14
1537,Nora,Carter,F,2014-08-14,111000,2,18
1538,Henry,Mitchell,M,2022-09-21,65000,16,2
1539,Lillian,Perez,F,2015-06-10,148000,18,43
1540,Jackson,Ramirez,M,2018-01-09,174000,8,27
1541,Zoe,Roberts,F,2021-07-30,164000,4,59
1542,Wyatt,Turner,M,2012-10-27,138000,19,3
1543,Madison,Phillips,F,2016-04-19,173000,11,26
1544,Isaac,Campbell,M,2023-10-20,82000,9,54
1545,Aria,Evans,F,2015-12-05,90000,1,5
1546,Mason,Edwards,M,2024-08-22,184000,18,54
1547,Chase,Collins,M,2020-01-09,135000,19,47
1548,Stella,Stewart,F,2011-11-15,154000,8,47
1549,Levi,Sanchez,M,2018-03-17,161000,18,43
1550,Victoria,Reed,F,2022-06-04,78000,2,20
1551,Emily,Johnson,F,2011-03-15,92000,13,17
1552,James,Smith,M,1998-07-22,80000,5,4
1553,Olivia,Williams,F,2020-05-30,69000,5,6
1554,Michael,Brown,M,2018-10-05,51000,1,52
1555,Sophia,Jones,F,2005-12-01,141000,19,29
1556,William,García,M,2014-01-18,36000,16,42
1557,Isabella,Miller,F,2022-02-28,149000,15,19
1558,Ethan,Davis,M,1995-08-12,197000,2,3
1559,Ava,Rodriguez,F,2017-11-20,139000,6,31
1560,Noah,Martínez,M,1990-09-09,153000,12,32
1561,Mia,Hernández,F,2023-04-14,180000,12,23
1562,Lucas,Lopez,M,2019-06-07,116000,7,30
1563,Amelia,Gonzalez,F,1997-03-24,144000,10,21
1564,Alexander,Perez,M,2021-12-16,194000,1,35
1565,Charlotte,Wilson,F,2013-08-10,167000,17,57
1566,Benjamin,Anderson,M,2001-04-19,134000,19,51
1567,Sofia,Thomas,F,2015-02-23,77000,17,54
1568,Mason,Taylor,M,2024-09-01,56000,7,16
1569,Harper,Moore,F,2000-06-30,90000,20,44
1570,Logan,Jackson,M,2025-07-05,120000,19,39
1571,Chloe,Martin,F,1992-10-10,143000,20,10
1572,Aiden,Lee,M,2016-08-15,80000,15,51
1573,Evelyn,Hall,F,2012-11-11,117000,3,3
1574,Henry,Young,M,1993-05-06,122000,12,48
1575,Grace,Allen,F,2020-03-30,154000,18,27
1576,Jack,Sanchez,M,2019-01-14,158000,9,14
1577,Lily,Wright,F,2023-05-22,155000,8,18
1578,Oliver,Scott,M,2004-12-17,76000,20,28
1579,Nora,Green,F,2018-02-11,192000,11,49
1580,Daniel,Adams,M,1996-04-23,116000,10,19
1581,Emma,Baker,F,2021-07-29,186000,7,14
1582,Matthew,Gonzales,M,2022-10-20,191000,20,20
1583,Scarlett,Carter,F,2010-03-09,51000,16,10
1584,Jameson,Mitchell,M,2019-06-15,130000,5,48
1585,Zoe,Roberts,F,2017-09-25,196000,2,14
1586,Nathan,Turner,M,1991-02-19,81000,20,58
1587,Mila,Phillips,F,2024-01-28,198000,14,59
1588,Liam,Campbell,M,2002-05-05,89000,12,1
1589,Aria,Evans,F,2016-12-12,125000,1,9
1590,Eli,Rivera,M,2023-08-17,138000,11,53
1591,Grace,Collins,F,1994-11-01,102000,9,44
1592,Michael,Stewart,M,2015-05-10,84000,6,43
1593,Addison,Sanchez,F,2025-03-14,179000,9,41
1594,Isaac,Reed,M,1990-07-19,161000,7,49
1595,Luna,Wood,F,2018-04-22,55000,15,2
1596,Joseph,Price,M,2012-09-27,192000,7,7
1597,Jasmine,Clark,F,2020-01-09,60000,15,37
1598,Sebastian,Lee,M,1995-10-15,141000,20,31
1599,Elena,Hernandez,F,2021-06-18,109000,13,31
1600,Oliver,Perez,M,2014-03-08,197000,15,56
1601,Emma,Johnson,F,2018-03-15,138000,15,7
1602,Oliver,Smith,M,2020-08-22,39000,3,8
1603,Ava,Brown,F,2013-05-07,161000,11,4
1604,Liam,Jones,M,2021-01-30,75000,1,24
1605,Isabella,García,F,2017-11-12,55000,20,15
1606,Nathan,Martinez,M,2022-06-05,98000,1,10
1607,Sophia,Hernandez,F,2019-09-19,48000,9,42
1608,Mason,Moore,M,2023-02-25,194000,9,18
1609,Mia,Taylor,F,2011-04-14,164000,16,60
1610,Ethan,Anderson,M,2020-10-09,138000,11,13
1611,Chloe,Thomas,F,2016-12-28,61000,5,27
1612,Aiden,Jackson,M,2014-07-08,100000,15,59
1613,Sienna,White,F,2025-11-15,171000,10,21
1614,Lucas,Lee,M,2024-03-11,70000,18,43
1615,Aria,Williams,F,2015-08-23,197000,17,14
1616,Logan,Perez,M,2012-06-17,74000,15,58
1617,Charlotte,Thompson,F,2021-05-30,177000,14,1
1618,James,Garcia,M,2019-01-02,190000,12,38
1619,Lily,Miller,F,2018-09-12,118000,19,10
1620,Lucas,Davis,M,2023-03-29,192000,7,44
1621,Sofia,Rodriguez,F,2022-04-04,127000,18,21
1622,Jackson,Martinez,M,2017-07-29,155000,5,26
1623,Aubrey,Brown,F,2015-10-10,73000,7,18
1624,Benjamin,Young,M,2020-12-31,193000,5,13
1625,Zoe,Walker,F,2016-02-14,146000,4,55
1626,Henry,Allen,M,2011-11-11,109000,13,2
1627,Grace,Harris,F,2024-08-22,162000,8,6
1628,Archer,King,M,2013-03-06,35000,1,26
1629,Scarlett,Wright,F,2025-02-20,123000,13,46
1630,Daniel,Lewis,M,2021-09-18,135000,9,41
1631,Madison,Scott,F,2019-05-29,96000,15,31
1632,Caleb,Green,M,2018-06-03,97000,10,29
1633,Evelyn,Adams,F,2012-09-17,123000,4,27
1634,Gabriel,Bailey,M,2020-11-26,102000,1,4
1635,Victoria,Nelson,F,2016-01-23,168000,17,34
1636,Ryan,Carter,M,2025-04-30,81000,3,10
1637,Matilda,Mitchell,F,2013-08-05,189000,9,27
1638,Dylan,Perez,M,2022-05-15,118000,14,47
1639,Luna,Roberts,F,2014-10-09,49000,18,34
1640,Wyatt,Turner,M,2017-12-21,181000,11,16
1641,Addison,Phillips,F,2011-02-19,72000,16,28
1642,Levi,Campbell,M,2021-01-11,141000,9,48
1643,Grace,Evans,F,2019-03-14,172000,8,37
1644,Nolan,Stewart,M,2023-07-27,195000,3,53
1645,Lucy,Young,F,2015-10-30,192000,7,45
1646,Connor,Reed,M,2024-02-28,181000,8,30
1647,Ellie,Cooper,F,2020-11-03,142000,10,24
1648,Aaron,Richardson,M,2018-05-20,172000,7,22
1649,Addison,Watson,F,2011-12-15,154000,20,47
1650,Elijah,Bell,M,2022-09-09,114000,11,23
1651,Emily,Johnson,F,2015-03-14,64000,17,26
1652,Michael,Smith,M,2020-07-20,79000,10,10
1653,Jessica,Brown,F,2018-02-11,158000,6,58
1654,Jacob,Williams,M,2023-05-05,179000,19,38
1655,Sophia,Jones,F,2021-09-30,89000,10,43
1656,Liam,Garcia,M,2022-01-02,178000,14,20
1657,Mia,Rodriguez,F,2017-08-18,152000,14,32
1658,Lucas,Martinez,M,2024-11-25,38000,2,33
1659,Ava,Hernandez,F,2023-12-01,123000,2,9
1660,Noah,Lopez,M,2020-06-16,167000,13,28
1661,Isabella,Wilson,F,2019-04-22,65000,4,5
1662,Logan,Anderson,M,2023-10-10,76000,10,55
1663,Olivia,Thomas,F,2021-11-11,156000,12,22
1664,Elijah,Taylor,M,2016-08-30,67000,18,59
1665,Aria,Moore,F,2023-01-01,140000,14,12
1666,James,Jenkins,M,2014-10-05,192000,14,36
1667,Charlotte,White,F,2022-02-14,98000,10,26
1668,Benjamin,Harris,M,2019-07-09,117000,1,29
1669,Sophia,Clark,F,2025-03-03,106000,7,53
1670,Daniel,Ramirez,M,2015-12-12,187000,18,1
1671,Amelia,Robinson,F,2020-09-29,82000,3,1
1672,Jackson,Walker,M,2024-04-15,88000,14,27
1673,Madison,Young,F,2018-06-21,116000,5,39
1674,Henry,Allen,M,2023-03-30,142000,5,41
1675,Chloe,Sanchez,F,2020-05-27,171000,16,24
1676,Alexander,King,M,2017-12-30,66000,18,2
1677,Evelyn,Wright,F,2021-10-18,105000,14,6
1678,Matthew,Scott,M,2024-07-04,40000,18,53
1679,Scarlett,Green,F,2022-05-05,140000,19,22
1680,David,Bailey,M,2023-08-08,98000,18,19
1681,Grace,Adams,F,2021-01-01,95000,3,49
1682,Samuel,Nelson,M,2019-03-22,65000,4,3
1683,Zoe,Carter,F,2015-05-15,94000,7,41
1684,Joseph,Mitchell,M,2020-11-11,144000,1,4
1685,Aubrey,Perez,F,2018-09-09,191000,7,41
1686,Dylan,Rivera,M,2024-02-01,186000,16,12
1687,Lily,Cooper,F,2022-06-17,77000,18,45
1688,Thomas,Reed,M,2023-11-23,169000,7,55
1689,Victoria,Wood,F,2020-12-12,171000,18,37
1690,Chase,Collins,M,2016-04-04,182000,4,52
1691,Savannah,Stewart,F,2021-07-07,54000,11,23
1692,Ethan,Young,M,2017-02-22,158000,6,28
1693,Nora,Reynolds,F,2023-09-19,174000,20,20
1694,Isaac,Howard,M,2019-10-30,100000,2,54
1695,Hannah,Garrett,F,2022-01-15,55000,13,57
1696,Wyatt,Turner,M,2025-06-06,88000,6,45
1697,Archer,Patterson,M,2023-04-16,147000,12,55
1698,Lucy,Long,F,2021-12-12,145000,19,39
1699,Carter,Price,M,2020-08-08,116000,1,4
1700,Sienna,James,F,2022-03-03,69000,16,43
1701,Emma,Johnson,F,2015-06-15,150000,17,13
1702,Liam,Smith,M,2020-07-22,133000,11,36
1703,Ava,Brown,F,2019-08-30,141000,9,24
1704,Noah,Jones,M,2021-03-12,74000,10,42
1705,Olivia,Miller,F,2022-09-05,129000,16,50
1706,Elijah,Davis,M,2018-12-01,37000,19,52
1707,Sophia,García,F,2023-01-25,166000,1,21
1708,William,Martinez,M,2016-04-18,75000,9,54
1709,Isabella,Rodriguez,F,2017-11-11,114000,14,7
1710,James,Martinez,M,2014-05-20,54000,3,7
1711,Mia,Hernandez,F,2012-10-30,95000,16,56
1712,Lucas,Lopez,M,2024-02-14,42000,1,44
1713,Charlotte,Wright,F,2020-05-08,181000,13,44
1714,Benjamin,Hill,M,2023-03-30,190000,1,37
1715,Evelyn,Scott,F,2021-07-19,53000,1,26
1716,Henry,Green,M,2019-01-16,41000,1,1
1717,Harper,Adams,F,2018-03-24,69000,7,15
1718,Alexander,Baker,M,2017-06-29,186000,16,43
1719,Amelia,Nelson,F,2022-08-11,112000,17,42
1720,Michael,Carter,M,2015-12-02,101000,10,56
1721,Abigail,Harris,F,2020-04-25,183000,7,24
1722,Daniel,Phillips,M,2016-09-14,123000,20,30
1723,Emily,Evans,F,2021-11-09,156000,17,8
1724,Matthew,Edwards,M,2019-02-17,76000,10,29
1725,Scarlett,Turner,F,2014-08-08,88000,11,27
1726,Joseph,Collins,M,2023-10-04,117000,9,45
1727,Avery,Stewart,F,2022-12-21,42000,20,25
1728,David,Morris,M,2018-01-05,75000,2,35
1729,Chloe,Nguyen,F,2016-06-12,151000,2,21
1730,Jackson,Reed,M,2020-09-28,135000,18,21
1731,Grace,Cook,F,2021-03-06,84000,20,59
1732,Christian,Brooks,M,2017-04-27,96000,18,30
1733,Zoe,King,F,2015-07-15,80000,1,26
1734,Anthony,Greenwood,M,2012-11-16,151000,12,7
1735,Layla,Hall,F,2013-05-22,84000,7,25
1736,Jonathan,Allen,M,2018-02-19,190000,10,29
1737,Nora,Young,F,2019-10-23,132000,5,35
1738,Samuel,King,M,2020-11-30,86000,11,13
1739,Victoria,Wright,F,2014-09-13,112000,6,28
1740,Jack,Bailey,M,2021-01-04,123000,19,5
1741,Samantha,Jenkins,F,2023-07-11,156000,5,51
1742,David,Sanders,M,2015-03-09,177000,14,40
1743,Julia,Price,F,2022-02-28,183000,20,23
1744,Leo,Wood,M,2019-12-14,139000,1,32
1745,Madison,Cooper,F,2020-03-03,87000,18,33
1746,Aiden,Bell,M,2016-08-26,126000,18,40
1747,Aria,Lee,F,2021-04-17,162000,18,31
1748,Wyatt,Bailey,M,2023-09-01,60000,19,56
1749,Riley,Robinson,F,2015-05-05,151000,18,48
1750,Max,Watson,X,2022-06-06,113000,6,51
1751,Emily,Stevens,F,2019-03-12,52000,17,2
1752,Jacob,Johnson,M,2020-07-25,156000,1,37
1753,Sophia,Martin,F,2022-01-10,56000,5,6
1754,Mason,Thompson,M,2018-06-20,131000,19,39
1755,Ava,Garcia,F,2021-11-05,105000,11,18
1756,Noah,Martinez,M,2017-04-16,107000,1,38
1757,Isabella,Rodriguez,F,2023-08-30,66000,11,17
1758,Liam,Wilson,M,2016-05-14,130000,2,12
1759,Charlotte,Anderson,F,2024-09-02,39000,13,41
1760,Ethan,Taylor,M,2021-12-03,69000,7,2
1761,Amelia,Hernandez,F,2019-10-19,170000,1,17
1762,James,Moore,M,2022-11-11,194000,20,41
1763,Harper,Jackson,F,2020-02-21,72000,11,20
1764,William,Lee,M,2019-07-01,95000,17,9
1765,Grace,Perez,F,2021-04-29,129000,19,45
1766,Alexander,White,M,2018-08-15,147000,13,52
1767,Mia,Harris,F,2023-03-23,77000,11,43
1768,Daniel,Clark,M,2015-12-30,152000,13,50
1769,Abigail,Robinson,F,2022-06-25,117000,2,43
1770,Michael,Walker,M,2020-01-17,114000,17,59
1771,Elizabeth,Hall,F,2021-05-10,100000,19,50
1772,Christopher,Allen,M,2016-09-18,99000,17,52
1773,Scarlett,Young,F,2024-04-22,103000,17,40
1774,Joshua,Hernandez,M,2017-11-08,72000,6,29
1775,Zoe,King,F,2022-07-27,58000,20,41
1776,David,Wright,M,2023-05-06,171000,17,51
1777,Victoria,Scott,F,2018-03-14,89000,5,37
1778,Andrew,Torres,M,2021-02-02,164000,14,14
1779,Chloe,Nguyen,F,2019-09-09,136000,9,32
1780,Joseph,Hill,M,2022-10-15,41000,13,45
1781,Natalie,Flores,F,2020-03-26,133000,15,47
1782,Samuel,Green,M,2016-12-21,188000,3,53
1783,Lily,Adams,F,2023-01-08,128000,18,21
1784,Henry,Nelson,M,2019-08-12,187000,4,9
1785,Ellie,Baker,F,2021-06-04,109000,17,3
1786,David,Rivera,M,2018-10-11,44000,7,13
1787,Savannah,Carter,F,2020-11-20,141000,8,10
1788,Lucas,Mitchell,M,2024-02-07,96000,18,13
1789,Aubrey,Phillips,F,2015-05-18,77000,1,24
1790,Wyatt,Evans,M,2023-07-30,43000,8,46
1791,Grayson,Edwards,M,2019-06-01,121000,12,42
1792,Mila,Collins,F,2021-08-14,177000,11,2
1793,Isaac,Stewart,M,2022-12-05,67000,1,9
1794,Addison,Sanchez,F,2017-03-29,61000,17,12
1795,Elijah,Morris,M,2020-04-22,193000,5,5
1796,Lucy,Nguyen,F,2019-10-03,101000,14,2
1797,Jayden,Scott,M,2021-01-19,83000,17,51
1798,Luna,Wood,F,2023-09-09,174000,12,33
1799,Anthony,Bell,M,2016-04-15,86000,16,3
1800,Riley,Brooks,F,2022-05-27,142000,6,59
1801,Emma,Johnson,F,2015-03-12,183000,15,9
1802,Liam,Smith,M,2020-07-01,69000,3,49
1803,Olivia,Williams,F,2018-05-23,114000,10,55
1804,Noah,Brown,M,2021-10-19,86000,12,9
1805,Ava,Jones,F,2017-08-30,185000,9,17
1806,Elijah,García,M,2019-09-14,67000,17,33
1807,Sophia,Miller,F,2016-12-05,159000,2,28
1808,James,Davis,M,2024-01-22,150000,13,43
1809,Mia,Martinez,F,2014-06-18,37000,17,54
1810,Lucas,Hernandez,M,2022-02-11,143000,12,57
1811,Amelia,Lopez,F,2013-11-13,191000,13,1
1812,Benjamin,Gonzalez,M,2023-04-29,70000,2,33
1813,Harper,Wilson,F,2011-08-07,165000,1,4
1814,Logan,Anderson,M,2011-05-16,89000,13,21
1815,Evelyn,Thomas,F,2012-07-25,96000,18,40
1816,Alexander,Taylor,M,2018-10-30,87000,19,52
1817,Aria,Moore,F,2016-01-09,164000,5,34
1818,Jackson,Jackson,M,2021-03-23,169000,3,20
1819,Scarlett,White,F,2023-06-08,143000,18,55
1820,Daniel,Harris,M,2020-02-27,98000,14,52
1821,Chloe,Martin,F,2019-09-10,195000,8,49
1822,Matthew,Thompson,M,2024-05-15,153000,16,17
1823,Samantha,Martinez,F,2020-12-17,100000,13,5
1824,David,Lee,M,2015-04-20,173000,16,8
1825,Grace,Clark,F,2014-10-01,107000,15,51
1826,Andrew,Wright,M,2022-08-22,193000,8,7
1827,Emily,Scott,F,2019-07-14,193000,13,18
1828,Joshua,Young,M,2023-03-02,188000,10,55
1829,Sofia,Allen,F,2016-02-16,103000,1,58
1830,Christopher,Hernandez,M,2017-08-09,154000,1,34
1831,Zoe,Hill,F,2015-11-30,104000,13,42
1832,Carter,Adams,M,2021-04-18,134000,14,17
1833,Lily,Baker,F,2020-01-10,139000,7,17
1834,Nathan,Nelson,M,2023-01-29,40000,20,15
1835,Victoria,Carter,F,2022-09-05,61000,20,3
1836,Samuel,Mitchell,M,2014-03-24,43000,3,32
1837,Addison,Perez,F,2020-06-15,154000,4,37
1838,Christian,Rivera,M,2017-12-19,137000,6,42
1839,Amaya,Roberts,F,2019-10-12,167000,5,47
1840,Gabriel,Turner,M,2021-08-03,70000,8,8
1841,Theresa,Phillips,F,2012-02-14,155000,12,60
1842,Angel,Campbell,M,2023-07-28,139000,17,21
1843,Isabella,Evans,F,2015-05-09,174000,14,13
1844,Michael,Edwards,M,2010-11-23,93000,9,27
1845,Nora,Collins,F,2024-04-11,141000,7,44
1846,Henry,Stewart,M,2020-10-31,164000,13,40
1847,Scarlet,Sanchez,F,2022-11-02,163000,7,27
1848,Zachary,Reed,M,2021-12-27,122000,15,59
1849,Julia,Bell,F,2016-06-06,178000,8,40
1850,Lucas,Cook,M,2022-04-16,48000,3,33
1851,Emma,Johnson,F,2018-05-14,119000,7,28
1852,Oliver,Smith,M,2013-09-23,128000,10,15
1853,Ava,Williams,F,2019-04-19,136000,1,25
1854,Liam,Brown,M,2021-01-10,54000,2,52
1855,Sophia,Jones,F,2020-07-02,136000,13,41
1856,Noah,Miller,M,1995-10-29,154000,8,28
1857,Isabella,Davis,F,2000-11-15,121000,3,1
1858,Jackson,Garcia,M,2022-03-30,146000,4,42
1859,Mia,Martinez,F,2017-08-06,41000,14,49
1860,Aiden,Hernandez,M,2024-02-22,58000,14,44
1861,Charlotte,Lopez,F,2016-12-05,53000,2,31
1862,Lucas,Gonzalez,M,1998-06-18,147000,7,37
1863,Amelia,Wilson,F,2015-03-27,126000,17,16
1864,Elijah,Anderson,M,2011-11-11,70000,12,35
1865,Harper,Thomas,F,2002-04-20,76000,10,50
1866,Alexander,Taylor,M,2023-07-25,102000,18,28
1867,Emily,Moore,F,2010-09-12,200000,14,31
1868,James,Jackson,M,1999-08-31,51000,2,24
1869,Sofia,Martin,F,2014-01-14,52000,16,4
1870,Matthew,Lee,M,2015-01-05,156000,20,27
1871,Grace,Perez,F,2021-05-21,109000,6,1
1872,Mason,White,M,2005-12-02,133000,13,29
1873,Chloe,Harris,F,2020-08-11,95000,12,46
1874,Daniel,Clark,M,2001-04-15,91000,18,17
1875,Lily,Ramirez,F,2024-09-16,91000,12,35
1876,Henry,Robinson,M,2012-10-14,54000,7,27
1877,Riley,Hall,F,2018-12-01,117000,11,22
1878,David,Young,M,2019-07-19,80000,16,9
1879,Scarlett,Allen,F,2003-03-28,76000,3,31
1880,Joseph,Sanchez,M,2025-06-20,89000,9,14
1881,Abigail,King,F,1994-04-10,36000,11,37
1882,William,Wright,M,2004-05-05,166000,20,37
1883,Victoria,Scott,F,2017-02-03,157000,11,11
1884,Jackson,Carter,M,2023-11-23,164000,12,30
1885,Aria,Mitchell,F,2016-06-06,152000,8,31
1886,Samuel,Adams,M,1996-07-14,108000,3,20
1887,Zoey,Baker,F,2018-01-30,169000,9,35
1888,Anthony,Nelson,M,2011-05-11,90000,11,29
1889,Emilia,Hall,F,2020-04-21,184000,2,30
1890,Isaac,Rivera,M,2022-08-17,105000,4,47
1891,Stella,Cooper,F,2015-03-18,172000,19,42
1892,Christopher,Reed,M,2009-12-25,68000,5,21
1893,Bella,Young,F,2013-06-04,151000,6,10
1894,Aaron,Wood,M,2025-03-10,181000,18,31
1895,Nora,Green,F,2014-01-29,198000,8,58
1896,Leo,Stewart,M,2021-10-09,188000,11,59
1897,Luna,Morris,F,2019-09-15,131000,5,54
1898,Adam,Diaz,M,2000-02-08,92000,5,34
1899,Clara,Ramirez,F,2016-12-12,127000,18,53
1900,Xander,Tran,X,2022-11-18,100000,3,10
1901,Emily,Johnson,F,2018-06-15,67000,20,5
1902,Michael,Smith,M,2020-02-20,51000,11,54
1903,Ava,Martinez,F,2019-11-05,117000,10,59
1904,James,Brown,M,2016-03-12,149000,10,55
1905,Isabella,Garcia,F,2021-07-22,101000,5,26
1906,William,Davis,M,2015-10-09,198000,8,9
1907,Sophia,Rodriguez,F,2023-01-18,129000,19,2
1908,Alexander,Wilson,M,2017-05-30,54000,15,50
1909,Mia,Anderson,F,2022-08-25,113000,3,39
1910,Daniel,Thomas,M,2019-04-04,193000,14,33
1911,Charlotte,Taylor,F,2020-12-12,115000,19,60
1912,Matthew,Moore,M,2021-09-08,36000,7,51
1913,Olivia,Jackson,F,2018-02-28,92000,9,56
1914,Dylan,White,M,2022-03-15,179000,7,7
1915,Liam,Harris,M,2016-11-11,53000,5,11
1916,Amelia,Martin,F,2023-07-19,180000,6,4
1917,Benjamin,Thompson,M,2015-08-21,134000,10,60
1918,Harper,Lee,F,2020-04-14,176000,9,53
1919,Lucas,Lewis,M,2022-10-10,73000,6,5
1920,Evelyn,Walker,F,2019-03-29,193000,7,7
1921,Henry,Hall,M,2021-07-02,71000,3,57
1922,Chloe,Allen,F,2017-12-17,193000,4,7
1923,Samuel,Young,M,2016-09-23,180000,5,38
1924,Grace,King,F,2018-10-30,90000,1,17
1925,Jack,Wright,M,2022-01-01,58000,13,18
1926,Sofia,Scott,F,2021-05-20,54000,12,32
1927,Aiden,Green,M,2020-06-18,193000,7,39
1928,Zoe,Adams,F,2015-02-11,65000,15,6
1929,Jacob,Baker,M,2019-01-07,87000,13,28
1930,Madison,Gonzalez,F,2023-08-17,71000,10,25
1931,Logan,Nelson,M,2014-05-05,47000,12,18
1932,Lily,Carter,F,2022-12-30,61000,11,34
1933,Anthony,Mitchell,M,2019-03-03,189000,10,32
1934,Nora,Perez,F,2016-10-26,51000,3,52
1935,Isaac,Roberts,M,2021-11-14,80000,1,27
1936,Scarlett,Turner,F,2020-09-04,152000,13,13
1937,Elijah,Phillips,M,2018-01-22,113000,13,30
1938,Aria,Campbell,F,2017-04-16,151000,7,41
1939,Noah,Parker,M,2022-02-13,147000,4,57
1940,Diana,Evans,F,2021-06-27,94000,15,32
1941,Oliver,Edwards,M,2019-08-15,118000,6,3
1942,Aubrey,Collins,F,2023-03-08,148000,8,54
1943,Wyatt,Stewart,M,2020-05-11,183000,1,12
1944,Addison,Sanchez,F,2015-01-30,177000,4,27
1945,Mason,Morris,M,2018-12-04,69000,19,49
1946,Victoria,Rogers,F,2022-01-24,101000,19,21
1947,Eli,Reed,M,2020-03-05,135000,6,57
1948,Chase,Cook,M,2021-10-16,56000,14,31
1949,Samantha,Morgan,F,2017-07-09,75000,16,3
1950,Zachary,Bell,M,2023-04-21,152000,10,29
1951,Emily,Johnson,F,2015-03-22,142000,19,35
1952,Michael,Smith,M,2020-05-15,159000,19,6
1953,Sarah,Wilson,F,2018-07-30,84000,6,3
1954,David,Brown,M,2012-11-11,177000,1,58
1955,Jessica,Davis,F,2023-01-05,60000,17,21
1956,James,Martinez,M,2010-04-19,136000,4,42
1957,Amy,Garcia,F,2016-08-27,197000,12,15
1958,John,Rodriguez,M,2021-12-14,166000,17,33
1959,Karen,Martinez,F,2019-02-09,194000,18,34
1960,Matthew,Clark,M,2025-03-01,50000,7,8
1961,Ashley,Walker,F,2011-10-20,188000,11,20
1962,Daniel,Hernandez,M,2014-06-13,161000,9,47
1963,Linda,Lopez,F,2022-09-18,99000,11,16
1964,Chris,Thompson,X,2020-01-26,142000,7,54
1965,Michelle,White,F,2017-04-25,163000,10,38
1966,Joshua,Young,M,2018-12-12,98000,16,37
1967,Nancy,Allen,F,2013-05-28,106000,11,35
1968,Ethan,Sanchez,M,2024-02-03,180000,20,45
1969,Susan,Hill,F,1999-07-07,153000,6,14
1970,David,Scott,M,2020-08-21,45000,2,31
1971,Megan,Adams,F,2023-11-30,164000,16,42
1972,Robert,Nelson,M,2009-01-15,90000,19,26
1973,Brittany,Baker,F,2015-09-14,120000,2,18
1974,Jessica,Gonzalez,F,2011-02-05,114000,13,13
1975,Kevin,Hall,M,2022-03-03,69000,16,45
1976,Rachel,Campbell,F,2019-05-20,137000,8,37
1977,Anthony,Mitchell,M,2014-12-01,112000,3,21
1978,Brian,Perez,M,2023-07-11,94000,5,28
1979,Laura,Roberts,F,2010-10-30,73000,4,12
1980,William,Turner,M,2017-06-18,190000,9,18
1981,Kathleen,Phillips,F,2005-05-25,111000,4,45
1982,Steven,Parker,M,2021-09-17,185000,4,4
1983,Betty,Evans,F,2000-08-09,54000,12,12
1984,George,Edwards,M,2016-03-12,36000,2,24
1985,Nicholas,Stewart,M,2012-01-20,110000,5,5
1986,Angela,Collins,F,2018-04-16,131000,12,11
1987,Patricia,Sanchez,F,2024-02-08,38000,1,6
1988,Charles,Reed,M,2013-11-10,173000,19,57
1989,Amanda,Cook,F,2025-05-19,190000,20,4
1990,Laura,Morris,F,1998-12-01,187000,4,48
1991,Jacqueline,Bell,F,2015-07-30,88000,2,10
1992,Ryan,Robinson,M,2011-10-05,128000,8,55
1993,Cynthia,Kelly,F,2020-06-23,128000,20,45
1994,Dylan,Wright,M,2019-08-14,194000,15,42
1995,Kristen,Howard,F,2006-09-10,170000,19,58
1996,Jason,Williams,M,2018-10-29,88000,19,16
1997,Emma,Thompson,F,2022-04-16,113000,19,25
1998,Olivia,Bailey,F,2023-01-18,137000,7,15
1999,Mark,Green,M,2014-05-09,63000,20,9
2000,Frank,Young,M,2007-06-11,142000,5,23
